id,n1,n2,n3,n4,total,big_small,odd_even,result,pred_bs,confidence,bet,pred_oe,conf_oe,result_oe,bet_oe,pred_sum_val,pred_sum_zone
2061801239,6,4,5,3,18,BIG,EVEN,Not Predicted,,0.0,0,,0.0,Not Predicted,0,0,
2061801240,4,7,8,0,19,BIG,ODD,Not Predicted,,0.0,0,,0.0,Not Predicted,0,0,
2061801241,0,4,5,4,13,SMALL,ODD,Not Predicted,,0.0,0,,0.0,Not Predicted,0,0,
2061801242,4,8,5,1,18,BIG,EVEN,Not Predicted,,0.0,0,,0.0,Not Predicted,0,0,
2061801243,9,9,9,6,33,BIG,ODD,Not Predicted,,0.0,0,,0.0,Not Predicted,0,0,
2061801244,5,4,4,1,14,SMALL,EVEN,Not Predicted,,0.0,0,,0.0,Not Predicted,0,0,
2061801245,3,3,4,3,13,SMALL,ODD,Not Predicted,,0.0,0,,0.0,Not Predicted,0,0,
2061801246,8,5,0,9,22,BIG,EVEN,Not Predicted,,0.0,0,,0.0,Not Predicted,0,0,
2061801247,5,3,3,0,11,SMALL,ODD,Not Predicted,,0.0,0,,0.0,Not Predicted,0,0,
2061801248,9,9,7,7,32,BIG,EVEN,Not Predicted,,0.0,0,,0.0,Not Predicted,0,0,
2061801249,4,1,0,0,5,SMALL,ODD,Not Predicted,,0.0,0,,0.0,Not Predicted,0,0,
2061801250,7,7,9,5,28,BIG,EVEN,Not Predicted,,0.0,0,,0.0,Not Predicted,0,0,
2061801251,9,7,0,9,25,BIG,ODD,Not Predicted,,0.0,0,,0.0,Not Predicted,0,0,
2061801252,4,1,0,4,9,SMALL,ODD,Not Predicted,,0.0,0,,0.0,Not Predicted,0,0,
2061801253,1,6,6,5,18,BIG,EVEN,Not Predicted,,0.0,0,,0.0,Not Predicted,0,0,
2061801254,4,2,1,4,11,SMALL,ODD,Not Predicted,,0.0,0,,0.0,Not Predicted,0,0,
2061801255,6,4,4,6,20,BIG,EVEN,Not Predicted,,0.0,0,,0.0,Not Predicted,0,0,
2061801256,4,4,2,7,17,SMALL,ODD,Not Predicted,,0.0,0,,0.0,Not Predicted,0,0,
2061801257,9,7,9,4,29,BIG,ODD,Not Predicted,,0.0,0,,0.0,Not Predicted,0,0,
2061801258,3,9,4,8,24,BIG,EVEN,Not Predicted,,0.0,0,,0.0,Not Predicted,0,0,
2061801259,4,9,9,2,24,BIG,EVEN,Not Predicted,,0.0,0,,0.0,Not Predicted,0,0,
2061801260,0,4,7,5,16,SMALL,EVEN,Not Predicted,,0.0,0,,0.0,Not Predicted,0,0,
2061801261,4,6,9,7,26,BIG,EVEN,Not Predicted,,0.0,0,,0.0,Not Predicted,0,0,
2061801262,0,5,9,2,16,SMALL,EVEN,Not Predicted,,0.0,0,,0.0,Not Predicted,0,0,
2061801263,0,2,3,5,10,SMALL,EVEN,Not Predicted,,0.0,0,,0.0,Not Predicted,0,0,
2061801264,3,6,3,2,14,SMALL,EVEN,WIN,SMALL,0.5,0,EVEN,0.0,WIN,0,0,
2061801265,1,3,8,8,20,BIG,EVEN,LOSS,SMALL,0.566,0,EVEN,0.0,WIN,0,0,
2061801266,5,0,8,0,13,SMALL,ODD,WIN,SMALL,0.56,0,EVEN,0.0,LOSS,0,0,
2061801267,7,5,9,6,27,BIG,ODD,LOSS,SMALL,0.5,0,EVEN,0.0,LOSS,0,0,
2061801268,8,1,6,9,24,BIG,EVEN,WIN,BIG,0.53,0,EVEN,0.0,WIN,0,0,
2061801269,6,2,4,5,17,SMALL,ODD,LOSS,BIG,0.53,0,EVEN,0.0,LOSS,0,0,
2061801270,8,9,0,9,26,BIG,EVEN,WIN,BIG,0.53,0,EVEN,0.0,WIN,0,0,
2061801271,5,2,1,7,15,SMALL,ODD,LOSS,BIG,0.53,0,EVEN,0.0,LOSS,0,0,
2061801272,1,3,8,6,18,BIG,EVEN,LOSS,SMALL,0.5,0,EVEN,0.0,WIN,0,0,
2061801273,6,6,8,5,25,BIG,ODD,WIN,BIG,0.53,0,EVEN,0.0,LOSS,0,0,
2061801274,1,8,1,3,13,SMALL,ODD,LOSS,BIG,0.53,0,EVEN,0.0,LOSS,0,0,
2061801275,4,8,0,7,19,BIG,ODD,WIN,BIG,0.53,0,EVEN,0.0,LOSS,0,0,
2061801276,6,0,7,3,16,SMALL,EVEN,LOSS,BIG,0.53,0,ODD,0.0,LOSS,0,0,
2061801277,2,8,6,6,22,BIG,EVEN,WIN,BIG,0.53,0,EVEN,0.0,WIN,0,0,
2061801278,5,7,2,4,18,BIG,EVEN,WIN,BIG,0.53,0,EVEN,0.0,WIN,0,0,
2061801279,2,7,2,4,15,SMALL,ODD,LOSS,BIG,0.53,0,EVEN,0.0,LOSS,0,0,
2061801280,6,1,5,5,17,SMALL,ODD,WIN,SMALL,0.5,0,EVEN,0.0,LOSS,0,0,
2061801281,6,0,2,8,16,SMALL,EVEN,WIN,SMALL,0.5,0,EVEN,0.0,WIN,0,0,
2061801282,2,8,0,2,12,SMALL,EVEN,WIN,SMALL,0.566,0,EVEN,0.0,WIN,0,0,
2061801283,1,2,9,9,21,BIG,ODD,LOSS,SMALL,0.566,0,EVEN,0.0,LOSS,0,0,
2061801284,6,0,7,9,22,BIG,EVEN,LOSS,SMALL,0.59,0,EVEN,0.0,WIN,0,0,
2061801285,5,9,0,6,20,BIG,EVEN,LOSS,SMALL,0.59,0,EVEN,0.0,WIN,0,0,
2061801286,0,3,2,1,6,SMALL,EVEN,LOSS,BIG,0.566,0,EVEN,0.0,WIN,0,0,
2061801287,0,0,1,8,9,SMALL,ODD,LOSS,BIG,0.56,0,EVEN,0.0,LOSS,0,0,
2061801288,5,5,8,6,24,BIG,EVEN,WIN,BIG,0.56,0,EVEN,0.0,WIN,0,0,
2061801289,8,1,5,5,19,BIG,ODD,LOSS,SMALL,0.5,0,EVEN,0.0,LOSS,0,0,
2061801290,9,1,2,1,13,SMALL,ODD,LOSS,BIG,0.53,0,EVEN,0.0,LOSS,0,0,
2061801291,8,7,7,0,22,BIG,EVEN,LOSS,SMALL,0.5,0,EVEN,0.0,WIN,0,0,
2061801292,8,8,5,8,29,BIG,ODD,WIN,BIG,0.53,0,EVEN,0.0,LOSS,0,0,
2061801293,9,2,0,7,18,BIG,EVEN,WIN,BIG,0.53,0,EVEN,0.0,WIN,0,0,
2061801294,3,3,4,5,15,SMALL,ODD,LOSS,BIG,0.566,0,EVEN,0.0,LOSS,0,0,
2061801295,4,7,7,9,27,BIG,ODD,WIN,BIG,0.56,0,EVEN,0.0,LOSS,0,0,
2061801296,6,7,9,7,29,BIG,ODD,WIN,BIG,0.53,0,EVEN,0.0,LOSS,0,0,
2061801297,4,0,6,6,16,SMALL,EVEN,LOSS,BIG,0.56,0,ODD,0.0,LOSS,0,0,
2061801298,5,7,8,5,25,BIG,ODD,WIN,BIG,0.53,0,EVEN,0.0,LOSS,0,0,
2061801299,6,2,2,9,19,BIG,ODD,WIN,BIG,0.53,0,ODD,0.0,WIN,0,0,
2061801300,3,4,2,7,16,SMALL,EVEN,LOSS,BIG,0.56,0,ODD,0.0,LOSS,0,0,
2061801301,7,2,1,5,15,SMALL,ODD,LOSS,BIG,0.56,0,EVEN,0.0,LOSS,0,0,
2061801302,1,1,6,0,8,SMALL,EVEN,LOSS,BIG,0.56,0,ODD,0.0,LOSS,0,0,
2061801303,1,9,0,3,13,SMALL,ODD,WIN,SMALL,0.566,0,ODD,0.0,WIN,0,0,
2061801304,9,8,5,4,26,BIG,EVEN,LOSS,SMALL,0.566,0,ODD,0.0,LOSS,0,0,
2061801305,6,3,1,3,13,SMALL,ODD,WIN,SMALL,0.59,0,ODD,0.0,WIN,0,0,
2061801306,0,5,3,6,14,SMALL,EVEN,WIN,SMALL,0.5,0,ODD,0.0,LOSS,0,0,
2061801307,9,0,5,4,18,BIG,EVEN,LOSS,SMALL,0.5,0,ODD,0.0,LOSS,0,0,
2061801308,4,2,6,2,14,SMALL,EVEN,LOSS,BIG,0.53,0,ODD,0.0,LOSS,0,0,
2061801309,2,8,7,9,26,BIG,EVEN,LOSS,SMALL,0.5,0,EVEN,0.0,WIN,0,0,
2061801310,0,6,6,6,18,BIG,EVEN,LOSS,SMALL,0.5,0,EVEN,0.0,WIN,0,0,
2061801311,6,5,5,6,22,BIG,EVEN,WIN,BIG,0.53,0,EVEN,0.0,WIN,0,0,
2061801312,3,7,0,6,16,SMALL,EVEN,LOSS,BIG,0.566,0,EVEN,0.0,WIN,0,0,
2061801313,2,2,3,2,9,SMALL,ODD,LOSS,BIG,0.56,0,EVEN,0.0,LOSS,0,0,
2061801314,9,9,3,0,21,BIG,ODD,WIN,BIG,0.56,0,EVEN,0.0,LOSS,0,0,
2061801315,3,5,7,8,23,BIG,ODD,LOSS,SMALL,0.5,0,EVEN,0.0,LOSS,0,0,
2061801316,9,1,9,0,19,BIG,ODD,LOSS,SMALL,0.5,0,ODD,0.0,WIN,0,0,
2061801317,7,2,6,3,18,BIG,EVEN,WIN,BIG,0.566,0,ODD,0.0,LOSS,0,0,
2061801318,2,7,3,7,19,BIG,ODD,WIN,BIG,0.566,0,EVEN,0.0,LOSS,0,0,
2061801319,6,6,6,6,24,BIG,EVEN,WIN,BIG,0.643,1,EVEN,0.0,WIN,0,0,
2061801320,9,4,4,9,26,BIG,EVEN,WIN,BIG,0.643,1,EVEN,0.0,WIN,0,0,
2061801321,0,8,6,7,21,BIG,ODD,WIN,BIG,0.643,1,EVEN,0.0,LOSS,0,0,
2061801322,4,8,4,1,17,SMALL,ODD,LOSS,BIG,0.643,1,EVEN,0.0,LOSS,0,0,
2061801323,1,5,3,7,16,SMALL,EVEN,LOSS,BIG,0.62,1,EVEN,0.0,WIN,0,0,
2061801324,4,9,8,3,24,BIG,EVEN,WIN,BIG,0.62,1,EVEN,0.0,WIN,0,0,
2061801325,3,4,4,9,20,BIG,EVEN,WIN,BIG,0.59,0,EVEN,0.0,WIN,0,0,
2061801326,3,9,9,3,24,BIG,EVEN,WIN,BIG,0.62,1,EVEN,0.0,WIN,0,0,
2061801327,6,2,5,0,13,SMALL,ODD,LOSS,BIG,0.566,0,EVEN,0.0,LOSS,0,0,
2061801328,1,8,0,2,11,SMALL,ODD,LOSS,BIG,0.56,0,EVEN,0.0,LOSS,0,0,
2061801329,8,4,0,7,19,BIG,ODD,WIN,BIG,0.56,0,EVEN,0.0,LOSS,0,0,
2061801330,2,4,7,5,18,BIG,EVEN,WIN,BIG,0.62,1,ODD,0.0,LOSS,0,0,
2061801331,1,9,2,6,18,BIG,EVEN,WIN,BIG,0.62,1,EVEN,0.0,WIN,0,0,
2061801332,5,2,0,9,16,SMALL,EVEN,LOSS,BIG,0.566,0,EVEN,0.0,WIN,0,0,
2061801333,2,7,4,9,22,BIG,EVEN,WIN,BIG,0.56,0,EVEN,0.0,WIN,0,0,
2061801334,3,3,5,0,11,SMALL,ODD,LOSS,BIG,0.65,1,EVEN,0.0,LOSS,0,0,
2061801335,8,0,5,0,13,SMALL,ODD,LOSS,BIG,0.62,1,EVEN,0.0,LOSS,0,0,
2061801336,7,4,9,1,21,BIG,ODD,WIN,BIG,0.59,0,EVEN,0.0,LOSS,0,0,
2061801337,5,5,2,3,15,SMALL,ODD,LOSS,BIG,0.59,0,ODD,0.0,WIN,0,0,
2061801338,5,9,1,3,18,BIG,EVEN,WIN,BIG,0.56,0,ODD,0.0,LOSS,0,0,
2061801339,0,4,7,2,13,SMALL,ODD,LOSS,BIG,0.56,0,EVEN,0.0,LOSS,0,0,
2061801340,0,1,4,3,8,SMALL,EVEN,LOSS,BIG,0.53,0,EVEN,0.0,WIN,0,0,
2061801341,9,3,1,5,18,BIG,EVEN,LOSS,SMALL,0.5,0,EVEN,0.0,WIN,0,0,
2061801342,0,6,1,0,7,SMALL,ODD,WIN,SMALL,0.5,0,EVEN,0.0,LOSS,0,0,
2061801343,9,1,1,3,14,SMALL,EVEN,WIN,SMALL,0.5,0,EVEN,0.0,WIN,0,0,
2061801344,7,5,8,9,29,BIG,ODD,LOSS,SMALL,0.5,0,EVEN,0.0,LOSS,0,0,
2061801345,9,4,3,4,20,BIG,EVEN,LOSS,SMALL,0.5,0,EVEN,0.0,WIN,0,0,
2061801346,2,9,7,4,22,BIG,EVEN,LOSS,SMALL,0.5,0,EVEN,0.0,WIN,0,0,
2061801347,2,8,2,9,21,BIG,ODD,WIN,BIG,0.566,0,EVEN,0.0,LOSS,0,0,
2061801348,4,8,4,5,21,BIG,ODD,WIN,BIG,0.566,0,EVEN,0.0,LOSS,0,0,
2061801349,3,0,7,8,18,BIG,EVEN,WIN,BIG,0.643,1,EVEN,0.0,WIN,0,0,
2061801350,4,1,4,4,13,SMALL,ODD,LOSS,BIG,0.643,1,EVEN,0.0,LOSS,0,0,
2061801351,6,5,4,5,20,BIG,EVEN,WIN,BIG,0.62,1,EVEN,0.0,WIN,0,0,
2061801352,5,1,4,7,17,SMALL,ODD,LOSS,BIG,0.53,0,EVEN,0.0,LOSS,0,0,
2061801353,4,1,8,8,21,BIG,ODD,WIN,BIG,0.53,0,ODD,0.0,WIN,0,0,
2061801354,2,3,0,0,5,SMALL,ODD,LOSS,BIG,0.53,0,ODD,0.0,WIN,0,0,
2061801355,7,9,1,6,23,BIG,ODD,WIN,BIG,0.53,0,ODD,0.0,WIN,0,0,
2061801356,9,2,3,0,14,SMALL,EVEN,LOSS,BIG,0.56,0,ODD,0.0,LOSS,0,0,
2061801357,3,9,3,7,22,BIG,EVEN,WIN,BIG,0.53,0,ODD,0.0,LOSS,0,0,
2061801358,4,7,0,7,18,BIG,EVEN,WIN,BIG,0.56,0,EVEN,0.0,WIN,0,0,
2061801359,4,6,9,6,25,BIG,ODD,WIN,BIG,0.56,0,EVEN,0.0,LOSS,0,0,
2061801360,7,6,0,1,14,SMALL,EVEN,LOSS,BIG,0.566,0,EVEN,0.0,WIN,0,0,
2061801361,7,7,3,9,26,BIG,EVEN,WIN,BIG,0.56,0,EVEN,0.0,WIN,0,0,
2061801362,9,1,4,2,16,SMALL,EVEN,LOSS,BIG,0.59,0,EVEN,0.0,WIN,0,0,
2061801363,3,1,5,1,10,SMALL,EVEN,LOSS,BIG,0.59,0,EVEN,0.0,WIN,0,0,
2061801364,2,7,9,3,21,BIG,ODD,WIN,BIG,0.59,0,EVEN,0.0,LOSS,0,0,
2061801365,9,5,4,6,24,BIG,EVEN,WIN,BIG,0.59,0,EVEN,0.0,WIN,0,0,
2061801366,0,4,4,4,12,SMALL,EVEN,LOSS,BIG,0.59,0,EVEN,0.0,WIN,0,0,
2061801367,8,1,9,8,26,BIG,EVEN,WIN,BIG,0.56,0,EVEN,0.0,WIN,0,0,
2061801368,6,7,1,6,20,BIG,EVEN,WIN,BIG,0.56,0,EVEN,0.0,WIN,0,0,
2061801369,5,3,9,4,21,BIG,ODD,WIN,BIG,0.56,0,EVEN,0.0,LOSS,0,0,
2061801370,3,8,7,8,26,BIG,EVEN,WIN,BIG,0.566,0,EVEN,0.0,WIN,0,0,
2061801371,6,2,2,4,14,SMALL,EVEN,LOSS,BIG,0.566,0,EVEN,0.0,WIN,0,0,
2061801372,2,2,9,5,18,BIG,EVEN,WIN,BIG,0.59,0,EVEN,0.0,WIN,0,0,
2061801373,9,1,1,2,13,SMALL,ODD,LOSS,BIG,0.59,0,EVEN,0.0,LOSS,0,0,
2061801374,8,9,1,5,23,BIG,ODD,WIN,BIG,0.56,0,EVEN,0.0,LOSS,0,0,
2061801375,3,8,9,9,29,BIG,ODD,WIN,BIG,0.59,0,EVEN,0.0,LOSS,0,0,
2061801376,7,3,8,1,19,BIG,ODD,WIN,BIG,0.59,0,ODD,0.0,WIN,0,0,
2061801377,4,2,9,2,17,SMALL,ODD,LOSS,BIG,0.566,0,ODD,0.0,WIN,0,0,
2061801378,7,7,0,2,16,SMALL,EVEN,LOSS,BIG,0.56,0,ODD,0.0,LOSS,0,0,
2061801379,7,6,5,5,23,BIG,ODD,WIN,BIG,0.56,0,EVEN,0.0,LOSS,0,0,
2061801380,1,8,5,1,15,SMALL,ODD,LOSS,BIG,0.56,0,EVEN,0.0,LOSS,0,0,
2061801381,4,1,8,0,13,SMALL,ODD,LOSS,BIG,0.56,0,EVEN,0.0,LOSS,0,0,
2061801382,0,0,8,7,15,SMALL,ODD,LOSS,BIG,0.53,0,ODD,0.0,WIN,0,0,
2061801383,4,6,9,3,22,BIG,EVEN,LOSS,SMALL,0.566,0,ODD,0.0,LOSS,0,0,
2061801384,2,5,8,6,21,BIG,ODD,LOSS,SMALL,0.56,0,ODD,0.0,WIN,0,0,
2061801385,4,2,1,0,7,SMALL,ODD,WIN,SMALL,0.56,0,ODD,0.0,WIN,0,0,
2061801386,1,4,2,1,8,SMALL,EVEN,LOSS,BIG,0.53,0,ODD,0.0,LOSS,0,0,
2061801387,1,9,9,7,26,BIG,EVEN,WIN,BIG,0.53,0,ODD,0.0,LOSS,0,0,
2061801388,5,3,8,2,18,BIG,EVEN,WIN,BIG,0.53,0,ODD,0.0,LOSS,0,0,
2061801389,7,8,1,5,21,BIG,ODD,WIN,BIG,0.53,0,EVEN,0.0,LOSS,0,0,
2061801390,9,7,7,5,28,BIG,EVEN,WIN,BIG,0.566,0,ODD,0.0,LOSS,0,0,
2061801391,0,7,9,7,23,BIG,ODD,WIN,BIG,0.566,0,ODD,0.0,WIN,0,0,
2061801392,7,9,7,7,30,BIG,EVEN,WIN,BIG,0.643,1,ODD,0.0,LOSS,0,0,
2061801393,1,6,9,4,20,BIG,EVEN,WIN,BIG,0.643,1,ODD,0.0,LOSS,0,0,
2061801394,2,9,5,3,19,BIG,ODD,WIN,BIG,0.643,1,ODD,0.0,WIN,0,0,
2061801395,9,8,7,4,28,BIG,EVEN,WIN,BIG,0.643,1,ODD,0.0,LOSS,0,0,
2061801396,1,6,1,6,14,SMALL,EVEN,LOSS,BIG,0.643,1,ODD,0.0,LOSS,0,0,
2061801397,2,8,0,9,19,BIG,ODD,WIN,BIG,0.62,1,EVEN,0.0,LOSS,0,0,
2061801398,3,8,2,9,22,BIG,EVEN,WIN,BIG,0.59,0,EVEN,0.0,WIN,0,0,
2061801399,9,4,2,4,19,BIG,ODD,WIN,BIG,0.62,1,EVEN,0.0,LOSS,0,0,
2061801400,0,0,0,0,0,SMALL,EVEN,LOSS,BIG,0.566,0,EVEN,0.0,WIN,0,0,
2061801401,5,6,9,7,27,BIG,ODD,WIN,BIG,0.56,0,EVEN,0.0,LOSS,0,0,
2061801402,5,3,1,1,10,SMALL,EVEN,LOSS,BIG,0.65,1,EVEN,0.0,WIN,0,0,
2061801403,9,8,8,8,33,BIG,ODD,WIN,BIG,0.65,1,EVEN,0.0,LOSS,0,0,
2061801404,7,2,1,0,10,SMALL,EVEN,LOSS,BIG,0.65,1,EVEN,0.0,WIN,0,0,
2061801405,5,5,0,1,11,SMALL,ODD,LOSS,BIG,0.62,1,EVEN,0.0,LOSS,0,0,
2061801406,4,7,5,1,17,SMALL,ODD,LOSS,BIG,0.62,1,EVEN,0.0,LOSS,0,0,
2061801407,0,5,1,8,14,SMALL,EVEN,WIN,SMALL,0.566,0,EVEN,0.0,WIN,0,0,
2061801408,2,9,3,2,16,SMALL,EVEN,WIN,SMALL,0.566,0,EVEN,0.0,WIN,0,0,
2061801409,2,5,0,8,15,SMALL,ODD,WIN,SMALL,0.643,1,EVEN,0.0,LOSS,0,0,
2061801410,7,4,3,9,23,BIG,ODD,LOSS,SMALL,0.643,1,EVEN,0.0,LOSS,0,0,
2061801411,9,9,4,7,29,BIG,ODD,LOSS,SMALL,0.62,1,EVEN,0.0,LOSS,0,0,
2061801412,7,6,7,0,20,BIG,EVEN,LOSS,SMALL,0.62,1,ODD,0.0,LOSS,0,0,
2061801413,2,4,9,3,18,BIG,EVEN,WIN,BIG,0.566,0,EVEN,0.0,WIN,0,0,
2061801414,9,0,2,7,18,BIG,EVEN,WIN,BIG,0.566,0,EVEN,0.0,WIN,0,0,
2061801415,8,1,9,9,27,BIG,ODD,WIN,BIG,0.643,1,EVEN,0.0,LOSS,0,0,
2061801416,5,2,9,4,20,BIG,EVEN,WIN,BIG,0.643,1,EVEN,0.0,WIN,0,0,
2061801417,8,2,5,6,21,BIG,ODD,WIN,BIG,0.643,1,EVEN,0.0,LOSS,0,0,
2061801418,0,5,1,5,11,SMALL,ODD,LOSS,BIG,0.643,1,EVEN,0.0,LOSS,0,0,
2061801419,2,4,0,3,9,SMALL,ODD,LOSS,BIG,0.62,1,ODD,0.0,WIN,0,0,
2061801420,9,9,2,4,24,BIG,EVEN,WIN,BIG,0.62,1,ODD,0.0,LOSS,0,0,
2061801421,5,4,5,5,19,BIG,ODD,WIN,BIG,0.53,0,ODD,0.0,WIN,0,0,
2061801422,5,4,5,5,19,BIG,ODD,WIN,BIG,0.53,0,ODD,0.0,WIN,0,0,
2061801423,2,8,7,1,18,BIG,EVEN,WIN,BIG,0.566,0,ODD,0.0,LOSS,0,0,
2061801424,1,3,4,7,15,SMALL,ODD,LOSS,BIG,0.566,0,ODD,0.0,WIN,0,0,
2061801425,7,2,6,9,24,BIG,EVEN,WIN,BIG,0.59,0,ODD,0.0,LOSS,0,0,
2061801426,6,5,7,4,22,BIG,EVEN,WIN,BIG,0.59,0,ODD,0.0,LOSS,0,0,
2061801427,9,1,4,6,20,BIG,EVEN,WIN,BIG,0.62,1,EVEN,0.0,WIN,0,0,
2061801428,3,6,9,5,23,BIG,ODD,WIN,BIG,0.566,0,EVEN,0.0,LOSS,0,0,
2061801429,4,8,0,0,12,SMALL,EVEN,LOSS,BIG,0.566,0,ODD,0.0,LOSS,0,0,
2061801430,8,4,0,5,17,SMALL,ODD,LOSS,BIG,0.59,0,EVEN,0.0,LOSS,0,0,
2061801431,1,6,3,3,13,SMALL,ODD,LOSS,BIG,0.59,0,EVEN,0.0,LOSS,0,0,
2061801432,0,8,7,8,23,BIG,ODD,LOSS,SMALL,0.566,0,EVEN,0.0,LOSS,0,0,
2061801433,7,7,0,9,23,BIG,ODD,LOSS,SMALL,0.56,0,ODD,0.0,WIN,0,0,
2061801434,0,4,3,7,14,SMALL,EVEN,WIN,SMALL,0.56,0,ODD,0.0,LOSS,0,0,
2061801435,6,8,9,4,27,BIG,ODD,WIN,BIG,0.59,0,ODD,0.0,WIN,0,0,
2061801436,5,5,0,2,12,SMALL,EVEN,LOSS,BIG,0.59,0,ODD,0.0,LOSS,0,0,
2061801437,2,6,7,0,15,SMALL,ODD,LOSS,BIG,0.56,0,ODD,0.0,WIN,0,0,
2061801438,2,4,7,1,14,SMALL,EVEN,LOSS,BIG,0.53,0,ODD,0.0,LOSS,0,0,
2061801439,9,4,9,5,27,BIG,ODD,LOSS,SMALL,0.566,0,ODD,0.0,WIN,0,0,
2061801440,7,2,5,9,23,BIG,ODD,LOSS,SMALL,0.56,0,ODD,0.0,WIN,0,0,
2061900001,5,3,4,0,12,SMALL,EVEN,Not Predicted,,0.0,0,,0.0,Not Predicted,0,0,
2061900002,2,9,3,7,21,BIG,ODD,WIN,BIG,0.53,0,ODD,0.0,WIN,0,0,
2061900003,2,3,4,9,18,BIG,EVEN,WIN,BIG,0.53,0,ODD,0.0,LOSS,0,0,
2061900004,5,0,9,9,23,BIG,ODD,WIN,BIG,0.53,0,ODD,0.0,WIN,0,0,
2061900005,4,1,5,7,17,SMALL,ODD,LOSS,BIG,0.566,0,ODD,0.0,WIN,0,0,
2061900006,0,5,6,7,18,BIG,EVEN,WIN,BIG,0.56,0,ODD,0.0,LOSS,0,0,
2061900007,9,8,2,7,26,BIG,EVEN,WIN,BIG,0.53,0,ODD,0.0,LOSS,0,0,
2061900008,4,5,3,8,20,BIG,EVEN,WIN,BIG,0.53,0,ODD,0.0,LOSS,0,0,
2061900009,8,3,9,3,23,BIG,ODD,WIN,BIG,0.566,0,EVEN,0.0,LOSS,0,0,
2061900010,4,8,8,0,20,BIG,EVEN,WIN,BIG,0.566,0,ODD,0.0,LOSS,0,0,
2061900011,5,0,6,4,15,SMALL,ODD,LOSS,BIG,0.643,1,ODD,0.0,WIN,0,0,
2061900012,4,3,4,2,13,SMALL,ODD,LOSS,BIG,0.59,0,ODD,0.0,WIN,0,0,
2061900013,7,3,1,7,18,BIG,EVEN,WIN,BIG,0.59,0,ODD,0.0,LOSS,0,0,
2061900014,2,3,8,2,15,SMALL,ODD,LOSS,BIG,0.56,0,EVEN,0.0,LOSS,0,0,
2061900015,2,7,2,0,11,SMALL,ODD,LOSS,BIG,0.56,0,ODD,0.0,WIN,0,0,
2061900016,4,3,0,0,7,SMALL,ODD,LOSS,BIG,0.53,0,ODD,0.0,WIN,0,0,
2061900017,4,3,6,4,17,SMALL,ODD,WIN,SMALL,0.566,0,ODD,0.0,WIN,0,0,
2061900018,8,8,9,3,28,BIG,EVEN,LOSS,SMALL,0.566,0,ODD,0.0,LOSS,0,0,
2061900019,9,4,1,3,17,SMALL,ODD,WIN,SMALL,0.59,0,ODD,0.0,WIN,0,0,
2061900020,1,6,8,1,16,SMALL,EVEN,LOSS,BIG,0.53,0,ODD,0.0,LOSS,0,0,
2061900021,8,1,3,3,15,SMALL,ODD,WIN,SMALL,0.5,0,ODD,0.0,WIN,0,0,
2061900022,9,8,6,5,28,BIG,EVEN,LOSS,SMALL,0.566,0,ODD,0.0,LOSS,0,0,
2061900023,2,4,7,5,18,BIG,EVEN,LOSS,SMALL,0.56,0,ODD,0.0,LOSS,0,0,
2061900024,0,8,8,5,21,BIG,ODD,LOSS,SMALL,0.56,0,ODD,0.0,WIN,0,0,
2061900025,9,7,6,3,25,BIG,ODD,WIN,BIG,0.566,0,ODD,0.0,WIN,0,0,
2061900026,4,6,0,2,12,SMALL,EVEN,LOSS,BIG,0.566,0,ODD,0.0,LOSS,0,0,
2061900027,9,4,6,0,19,BIG,ODD,WIN,BIG,0.59,0,ODD,0.0,WIN,0,0,
2061900028,9,6,4,1,20,BIG,EVEN,LOSS,SMALL,0.5,0,ODD,0.0,LOSS,0,0,
2061900029,5,1,0,9,15,SMALL,ODD,WIN,SMALL,0.5,0,ODD,0.0,WIN,0,0,
2061900030,9,0,0,6,15,SMALL,ODD,WIN,SMALL,0.53,0,ODD,0.0,WIN,0,0,
2061900031,5,8,6,0,19,BIG,ODD,LOSS,SMALL,0.56,0,ODD,0.0,WIN,0,0,
2061900032,6,9,6,8,29,BIG,ODD,LOSS,SMALL,0.53,0,ODD,0.0,WIN,0,0,
2061900033,5,9,0,0,14,SMALL,EVEN,WIN,SMALL,0.5,0,ODD,0.0,LOSS,0,0,
2061900034,0,6,9,5,20,BIG,EVEN,LOSS,SMALL,0.53,0,ODD,0.0,LOSS,0,0,
2061900035,4,2,5,1,12,SMALL,EVEN,WIN,SMALL,0.5,0,ODD,0.0,LOSS,0,0,
2061900036,2,8,3,4,17,SMALL,ODD,WIN,SMALL,0.5,0,EVEN,0.0,LOSS,0,0,
2061900037,3,6,7,3,19,BIG,ODD,LOSS,SMALL,0.5,0,ODD,0.0,WIN,0,0,
2061900038,3,1,0,0,4,SMALL,EVEN,LOSS,BIG,0.53,0,ODD,0.0,LOSS,0,0,
2061900039,3,3,1,2,9,SMALL,ODD,WIN,SMALL,0.5,0,ODD,0.0,WIN,0,0,
2061900040,6,8,8,2,24,BIG,EVEN,LOSS,SMALL,0.5,0,ODD,0.0,LOSS,0,0,
2061900041,0,1,7,5,13,SMALL,ODD,LOSS,BIG,0.53,0,ODD,0.0,WIN,0,0,
2061900042,2,5,4,4,15,SMALL,ODD,LOSS,BIG,0.53,0,ODD,0.0,WIN,0,0,
2061900043,9,5,9,7,30,BIG,EVEN,LOSS,SMALL,0.5,0,ODD,0.0,LOSS,0,0,
2061900044,4,3,8,7,22,BIG,EVEN,LOSS,SMALL,0.5,0,ODD,0.0,LOSS,0,0,
2061900045,5,5,5,5,20,BIG,EVEN,LOSS,SMALL,0.5,0,ODD,0.0,LOSS,0,0,
2061900046,9,5,3,7,24,BIG,EVEN,WIN,BIG,0.566,0,EVEN,0.0,WIN,0,0,
2061900047,6,4,9,2,21,BIG,ODD,WIN,BIG,0.566,0,EVEN,0.0,LOSS,0,0,
2061900048,3,7,9,9,28,BIG,EVEN,WIN,BIG,0.643,1,EVEN,0.0,WIN,0,0,
2061900049,5,4,5,0,14,SMALL,EVEN,LOSS,BIG,0.643,1,EVEN,0.0,WIN,0,0,
2061900050,4,1,5,9,19,BIG,ODD,WIN,BIG,0.62,1,EVEN,0.0,LOSS,0,0,
2061900051,1,7,5,5,18,BIG,EVEN,WIN,BIG,0.56,0,EVEN,0.0,WIN,0,0,
2061900052,8,0,7,1,16,SMALL,EVEN,LOSS,BIG,0.56,0,EVEN,0.0,WIN,0,0,
2061900053,3,8,3,5,19,BIG,ODD,WIN,BIG,0.53,0,EVEN,0.0,LOSS,0,0,
2061900054,8,4,5,8,25,BIG,ODD,WIN,BIG,0.56,0,EVEN,0.0,LOSS,0,0,
2061900055,8,7,6,5,26,BIG,EVEN,WIN,BIG,0.56,0,EVEN,0.0,WIN,0,0,
2061900056,5,1,2,5,13,SMALL,ODD,LOSS,BIG,0.566,0,EVEN,0.0,LOSS,0,0,
2061900057,1,5,8,3,17,SMALL,ODD,LOSS,BIG,0.56,0,EVEN,0.0,LOSS,0,0,
2061900058,5,1,2,2,10,SMALL,EVEN,LOSS,BIG,0.56,0,EVEN,0.0,WIN,0,0,
2061900059,9,0,3,0,12,SMALL,EVEN,WIN,SMALL,0.566,0,EVEN,0.0,WIN,0,0,
2061900060,5,3,9,2,19,BIG,ODD,LOSS,SMALL,0.566,0,EVEN,0.0,LOSS,0,0,
2061900061,2,0,9,0,11,SMALL,ODD,WIN,SMALL,0.59,0,EVEN,0.0,LOSS,0,0,
2061900062,7,4,8,3,22,BIG,EVEN,WIN,BIG,0.56,0,EVEN,0.0,WIN,0,0,
2061900063,5,6,8,5,24,BIG,EVEN,WIN,BIG,0.59,0,EVEN,0.0,WIN,0,0,
2061900537,3,0,2,9,14,SMALL,EVEN,Not Predicted,,0.0,0,,0.0,Not Predicted,0,0,
2061900538,5,0,9,2,16,SMALL,EVEN,Not Predicted,,0.0,0,,0.0,Not Predicted,0,0,
2061900539,7,9,7,7,30,BIG,EVEN,Not Predicted,,0.0,0,,0.0,Not Predicted,0,0,
2061900540,3,5,6,5,19,BIG,ODD,Not Predicted,,0.0,0,,0.0,Not Predicted,0,0,
2061900541,8,6,9,4,27,BIG,ODD,Not Predicted,,0.0,0,,0.0,Not Predicted,0,0,
2061900542,3,1,6,5,15,SMALL,ODD,Not Predicted,,0.0,0,,0.0,Not Predicted,0,0,
2061900543,1,6,8,7,22,BIG,EVEN,Not Predicted,,0.0,0,,0.0,Not Predicted,0,0,
2061900544,0,2,9,2,13,SMALL,ODD,Not Predicted,,0.0,0,,0.0,Not Predicted,0,0,
2061900545,8,3,7,9,27,BIG,ODD,Not Predicted,,0.0,0,,0.0,Not Predicted,0,0,
2061900546,8,1,0,5,14,SMALL,EVEN,Not Predicted,,0.0,0,,0.0,Not Predicted,0,0,
2061900547,4,5,0,3,12,SMALL,EVEN,Not Predicted,,0.0,0,,0.0,Not Predicted,0,0,
2061900548,2,2,7,8,19,BIG,ODD,Not Predicted,,0.0,0,,0.0,Not Predicted,0,0,
2061900549,6,1,3,6,16,SMALL,EVEN,Not Predicted,,0.0,0,,0.0,Not Predicted,0,0,
2061900550,3,1,2,9,15,SMALL,ODD,Not Predicted,,0.0,0,,0.0,Not Predicted,0,0,
2061900551,6,5,4,3,18,BIG,EVEN,Not Predicted,,0.0,0,,0.0,Not Predicted,0,0,
2061900552,3,7,0,9,19,BIG,ODD,Not Predicted,,0.0,0,,0.0,Not Predicted,0,0,
2061900553,0,9,1,7,17,SMALL,ODD,Not Predicted,,0.0,0,,0.0,Not Predicted,0,0,
2061900554,2,4,5,4,15,SMALL,ODD,Not Predicted,,0.0,0,,0.0,Not Predicted,0,0,
2061900555,6,8,3,0,17,SMALL,ODD,Not Predicted,,0.0,0,,0.0,Not Predicted,0,0,
2061900556,6,8,6,5,25,BIG,ODD,Not Predicted,,0.0,0,,0.0,Not Predicted,0,0,
2061900557,2,1,6,0,9,SMALL,ODD,Not Predicted,,0.0,0,,0.0,Not Predicted,0,0,
2061900558,8,6,8,7,29,BIG,ODD,Not Predicted,,0.0,0,,0.0,Not Predicted,0,0,
2061900559,8,2,4,7,21,BIG,ODD,Not Predicted,,0.0,0,,0.0,Not Predicted,0,0,
2061900560,8,8,3,1,20,BIG,EVEN,Not Predicted,,0.0,0,,0.0,Not Predicted,0,0,
2061900561,6,4,5,5,20,BIG,EVEN,Not Predicted,,0.0,0,,0.0,Not Predicted,0,0,
2061900562,6,5,1,8,20,BIG,EVEN,WIN,BIG,0.566,0,ODD,0.68,LOSS,1,20,MID
2061900563,2,9,0,4,15,SMALL,ODD,LOSS,BIG,0.643,1,EVEN,0.62,LOSS,1,20,MID
2061900564,2,1,5,5,13,SMALL,ODD,LOSS,BIG,0.59,0,EVEN,0.58,LOSS,1,19,MID
2061900565,1,1,3,4,9,SMALL,ODD,LOSS,BIG,0.59,0,EVEN,0.58,LOSS,1,18,MID
2061900566,6,6,7,0,19,BIG,ODD,LOSS,SMALL,0.566,0,ODD,0.62,WIN,1,16,MID
2061900567,2,5,5,2,14,SMALL,EVEN,WIN,SMALL,0.56,0,ODD,0.62,LOSS,1,16,MID
2061900568,5,5,0,7,17,SMALL,ODD,WIN,SMALL,0.5,0,ODD,0.63,WIN,1,16,MID
2061900569,3,3,1,9,16,SMALL,EVEN,WIN,SMALL,0.53,0,ODD,0.64,LOSS,1,16,MID
2061900570,7,2,3,3,15,SMALL,ODD,WIN,SMALL,0.566,0,ODD,0.64,WIN,1,16,MID
2061900571,3,1,2,1,7,SMALL,ODD,WIN,SMALL,0.566,0,ODD,0.64,WIN,1,16,MID
2061900572,2,6,3,5,16,SMALL,EVEN,WIN,SMALL,0.643,1,ODD,0.675,LOSS,1,14,MID
2061900573,9,7,2,9,27,BIG,ODD,LOSS,SMALL,0.643,1,ODD,0.64,WIN,1,14,MID
2061900574,0,8,2,5,15,SMALL,ODD,WIN,SMALL,0.62,1,ODD,0.64,WIN,1,16,MID
2061900575,0,1,5,9,15,SMALL,ODD,WIN,SMALL,0.56,0,ODD,0.64,WIN,1,16,MID
2061900576,9,7,3,6,25,BIG,ODD,LOSS,SMALL,0.56,0,ODD,0.62,WIN,1,17,MID
2061900577,0,7,0,8,15,SMALL,ODD,WIN,SMALL,0.56,0,ODD,0.62,WIN,1,18,MID
2061900578,6,3,4,1,14,SMALL,EVEN,WIN,SMALL,0.56,0,ODD,0.7,LOSS,1,18,MID
2061900579,6,0,6,4,16,SMALL,EVEN,WIN,SMALL,0.59,0,ODD,0.63,LOSS,1,17,MID
2061900580,2,9,8,6,25,BIG,ODD,LOSS,SMALL,0.566,0,ODD,0.63,WIN,1,16,MID
2061900581,5,4,2,0,11,SMALL,ODD,WIN,SMALL,0.56,0,ODD,0.605,WIN,1,18,MID
2061900582,3,0,1,5,9,SMALL,ODD,WIN,SMALL,0.65,1,ODD,0.64,WIN,1,17,MID
2061900583,7,0,3,9,19,BIG,ODD,LOSS,SMALL,0.68,1,ODD,0.62,WIN,1,16,MID
2061900584,9,9,1,0,19,BIG,ODD,LOSS,SMALL,0.65,1,ODD,0.62,WIN,1,16,MID
2061900585,0,6,8,2,16,SMALL,EVEN,WIN,SMALL,0.62,1,ODD,0.7,LOSS,1,17,MID
2061900586,5,3,0,5,13,SMALL,ODD,WIN,SMALL,0.62,1,ODD,0.63,WIN,1,16,MID
2061900587,7,6,3,4,20,BIG,EVEN,LOSS,SMALL,0.65,1,ODD,0.64,LOSS,1,16,MID
2061900588,5,8,9,9,31,BIG,ODD,LOSS,SMALL,0.62,1,ODD,0.64,WIN,1,17,MID
2061900589,1,2,3,9,15,SMALL,ODD,WIN,SMALL,0.59,0,ODD,0.64,WIN,1,19,MID
2061900590,7,6,1,6,20,BIG,EVEN,LOSS,SMALL,0.59,0,ODD,0.675,LOSS,1,19,MID
2061900591,3,2,2,3,10,SMALL,EVEN,WIN,SMALL,0.56,0,ODD,0.64,LOSS,1,19,MID
2061900592,8,4,4,3,19,BIG,ODD,LOSS,SMALL,0.56,0,ODD,0.605,WIN,1,17,MID
2061900593,2,0,0,5,7,SMALL,ODD,WIN,SMALL,0.53,0,ODD,0.64,WIN,1,18,MID
2061900594,3,1,5,9,18,BIG,EVEN,LOSS,SMALL,0.56,0,ODD,0.64,LOSS,1,15,MID
2061900595,9,0,5,9,23,BIG,ODD,LOSS,SMALL,0.53,0,ODD,0.605,WIN,1,16,MID
2061900596,1,0,1,7,9,SMALL,ODD,WIN,SMALL,0.5,0,ODD,0.605,WIN,1,17,MID
2061900597,4,0,2,8,14,SMALL,EVEN,WIN,SMALL,0.53,0,ODD,0.605,LOSS,1,16,MID
2061900598,4,4,7,4,19,BIG,ODD,LOSS,SMALL,0.53,0,ODD,0.57,WIN,0,16,MID
2061900599,0,7,6,8,21,BIG,ODD,LOSS,SMALL,0.5,0,ODD,0.605,WIN,1,15,MID
2061900600,0,0,3,9,12,SMALL,EVEN,LOSS,BIG,0.53,0,ODD,0.64,LOSS,1,17,MID
2061900601,1,2,3,6,12,SMALL,EVEN,WIN,SMALL,0.5,0,ODD,0.605,LOSS,1,16,MID
2061900602,2,5,8,1,16,SMALL,EVEN,WIN,SMALL,0.5,0,ODD,0.57,LOSS,0,15,MID
2061900603,0,3,2,6,11,SMALL,ODD,WIN,SMALL,0.566,0,EVEN,0.62,LOSS,1,15,MID
2061900604,7,2,6,6,21,BIG,ODD,LOSS,SMALL,0.566,0,EVEN,0.58,LOSS,1,15,MID
2061900605,8,6,6,1,21,BIG,ODD,LOSS,SMALL,0.59,0,EVEN,0.58,LOSS,1,15,MID
2061900606,6,8,6,7,27,BIG,ODD,LOSS,SMALL,0.59,0,ODD,0.62,WIN,1,16,MID
2061900607,0,5,6,5,16,SMALL,EVEN,LOSS,BIG,0.566,0,ODD,0.62,LOSS,1,19,MID
2061900608,8,7,3,7,25,BIG,ODD,WIN,BIG,0.56,0,ODD,0.63,WIN,1,19,MID
2061900609,7,9,8,5,29,BIG,ODD,LOSS,SMALL,0.5,0,ODD,0.57,WIN,0,20,MID
2061900610,4,5,1,0,10,SMALL,EVEN,LOSS,BIG,0.53,0,ODD,0.57,LOSS,0,21,MID
2061900611,8,2,5,1,16,SMALL,EVEN,WIN,SMALL,0.5,0,ODD,0.57,LOSS,0,20,MID
2061900612,2,2,9,8,21,BIG,ODD,LOSS,SMALL,0.5,0,ODD,0.57,WIN,0,19,MID
2061900613,3,6,8,8,25,BIG,ODD,LOSS,SMALL,0.5,0,ODD,0.57,WIN,0,19,MID
2061900614,3,1,1,3,8,SMALL,EVEN,LOSS,BIG,0.53,0,ODD,0.57,LOSS,0,21,MID
2061900615,3,3,4,2,12,SMALL,EVEN,WIN,SMALL,0.5,0,ODD,0.57,LOSS,0,18,MID
2061900616,4,1,2,7,14,SMALL,EVEN,WIN,SMALL,0.53,0,ODD,0.535,LOSS,0,17,MID
2061900617,2,7,5,3,17,SMALL,ODD,WIN,SMALL,0.566,0,EVEN,0.62,LOSS,1,16,MID
2061900618,7,5,5,8,25,BIG,ODD,LOSS,SMALL,0.566,0,EVEN,0.58,LOSS,1,16,MID
2061900619,8,1,4,0,13,SMALL,ODD,WIN,SMALL,0.59,0,EVEN,0.58,LOSS,1,17,MID
2061900620,3,7,5,5,20,BIG,EVEN,LOSS,SMALL,0.56,0,ODD,0.62,LOSS,1,17,MID
2061900621,1,2,2,0,5,SMALL,ODD,WIN,SMALL,0.53,0,ODD,0.58,WIN,1,18,MID
2061900622,1,3,3,5,12,SMALL,EVEN,WIN,SMALL,0.53,0,ODD,0.57,LOSS,0,15,MID
2061900623,6,5,2,9,22,BIG,EVEN,LOSS,SMALL,0.53,0,ODD,0.57,LOSS,0,15,MID
2061900624,5,9,1,4,19,BIG,ODD,LOSS,SMALL,0.5,0,ODD,0.535,WIN,0,14,MID
2061900625,9,4,8,7,28,BIG,EVEN,LOSS,SMALL,0.5,0,ODD,0.535,LOSS,0,16,MID
2061900626,5,6,9,9,29,BIG,ODD,WIN,BIG,0.566,0,EVEN,0.5,LOSS,0,19,MID
2061900627,0,8,1,3,12,SMALL,EVEN,LOSS,BIG,0.566,0,EVEN,0.5,WIN,0,21,MID
2061900628,9,1,3,7,20,BIG,EVEN,WIN,BIG,0.59,0,EVEN,0.5,WIN,0,20,MID
2061900629,5,2,4,8,19,BIG,ODD,LOSS,SMALL,0.5,0,EVEN,0.535,LOSS,0,20,MID
2061900630,8,7,4,0,19,BIG,ODD,LOSS,SMALL,0.5,0,EVEN,0.535,LOSS,0,19,MID
2061900631,6,9,9,2,26,BIG,EVEN,WIN,BIG,0.566,0,EVEN,0.5,WIN,0,19,MID
2061900632,0,6,0,1,7,SMALL,ODD,LOSS,BIG,0.566,0,EVEN,0.5,LOSS,0,20,MID
2061900633,9,6,6,8,29,BIG,ODD,WIN,BIG,0.59,0,EVEN,0.5,LOSS,0,19,MID
2061900634,6,5,7,3,21,BIG,ODD,WIN,BIG,0.53,0,EVEN,0.5,LOSS,0,21,MID
2061900635,3,5,0,1,9,SMALL,ODD,LOSS,BIG,0.56,0,ODD,0.62,WIN,1,20,MID
2061900636,5,8,5,8,26,BIG,EVEN,WIN,BIG,0.56,0,ODD,0.62,LOSS,1,19,MID
2061900637,2,1,8,4,15,SMALL,ODD,LOSS,BIG,0.59,0,ODD,0.63,WIN,1,19,MID
2061900638,4,1,1,3,9,SMALL,ODD,LOSS,BIG,0.59,0,ODD,0.57,WIN,0,19,MID
2061900639,4,2,8,7,21,BIG,ODD,WIN,BIG,0.56,0,ODD,0.57,WIN,0,17,MID
2061900640,4,5,2,1,12,SMALL,EVEN,LOSS,BIG,0.59,0,ODD,0.62,LOSS,1,17,MID
2061900641,3,5,8,0,16,SMALL,EVEN,LOSS,BIG,0.56,0,ODD,0.58,LOSS,1,17,MID
2061900642,8,0,0,4,12,SMALL,EVEN,LOSS,BIG,0.56,0,ODD,0.58,LOSS,1,16,MID
2061900643,7,4,5,9,25,BIG,ODD,LOSS,SMALL,0.566,0,EVEN,0.62,LOSS,1,15,MID
2061900644,9,1,6,1,17,SMALL,ODD,WIN,SMALL,0.56,0,EVEN,0.58,LOSS,1,17,MID
2061900645,0,1,5,6,12,SMALL,EVEN,LOSS,BIG,0.53,0,EVEN,0.58,WIN,1,17,MID
2061900646,2,7,4,1,14,SMALL,EVEN,WIN,SMALL,0.5,0,ODD,0.57,LOSS,0,17,MID
2061900647,0,5,4,3,12,SMALL,EVEN,WIN,SMALL,0.566,0,ODD,0.535,LOSS,0,15,MID
2061900648,7,0,3,7,17,SMALL,ODD,WIN,SMALL,0.566,0,EVEN,0.62,LOSS,1,15,MID
2061900649,1,6,6,5,18,BIG,EVEN,LOSS,SMALL,0.643,1,EVEN,0.58,WIN,1,15,MID
2061900650,7,3,5,4,19,BIG,ODD,LOSS,SMALL,0.59,0,ODD,0.535,WIN,0,15,MID
2061900651,0,3,0,5,8,SMALL,EVEN,WIN,SMALL,0.59,0,ODD,0.535,LOSS,0,16,MID
2061900652,4,7,4,5,20,BIG,EVEN,LOSS,SMALL,0.59,0,ODD,0.535,LOSS,0,15,MID
2061900653,1,9,3,9,22,BIG,EVEN,LOSS,SMALL,0.56,0,EVEN,0.5,WIN,0,16,MID
2061900654,2,2,0,2,6,SMALL,EVEN,WIN,SMALL,0.56,0,EVEN,0.62,WIN,1,17,MID
2061900655,6,8,6,7,27,BIG,ODD,LOSS,SMALL,0.59,0,EVEN,0.62,LOSS,1,15,MID
2061900656,3,6,5,2,16,SMALL,EVEN,WIN,SMALL,0.56,0,EVEN,0.63,WIN,1,17,MID
2061900657,0,7,0,7,14,SMALL,EVEN,WIN,SMALL,0.59,0,EVEN,0.57,WIN,0,17,MID
2061900658,8,0,6,8,22,BIG,EVEN,LOSS,SMALL,0.59,0,EVEN,0.605,WIN,1,17,MID
2061900659,8,9,9,7,33,BIG,ODD,LOSS,SMALL,0.56,0,EVEN,0.62,LOSS,1,17,MID
2061900660,8,0,7,6,21,BIG,ODD,LOSS,SMALL,0.56,0,EVEN,0.58,LOSS,1,21,MID
2061900661,6,3,9,1,19,BIG,ODD,WIN,BIG,0.566,0,EVEN,0.58,LOSS,1,21,MID
2061900662,5,0,5,1,11,SMALL,ODD,LOSS,BIG,0.566,0,ODD,0.62,WIN,1,21,MID
2061900663,8,4,1,2,15,SMALL,ODD,LOSS,BIG,0.59,0,ODD,0.62,WIN,1,19,MID
2061900664,0,2,7,8,17,SMALL,ODD,LOSS,BIG,0.59,0,ODD,0.7,WIN,1,18,MID
2061900665,9,5,1,1,16,SMALL,EVEN,WIN,SMALL,0.566,0,ODD,0.7,LOSS,1,18,MID
2061900666,9,3,4,5,21,BIG,ODD,LOSS,SMALL,0.566,0,ODD,0.68,WIN,1,17,MID
2061900667,3,8,5,7,23,BIG,ODD,LOSS,SMALL,0.59,0,EVEN,0.5,LOSS,0,18,MID
2061900668,2,2,2,7,13,SMALL,ODD,WIN,SMALL,0.59,0,ODD,0.535,WIN,0,19,MID
2061900669,1,1,5,5,12,SMALL,EVEN,LOSS,BIG,0.53,0,ODD,0.62,LOSS,1,19,MID
2061900670,5,2,9,0,16,SMALL,EVEN,WIN,SMALL,0.5,0,ODD,0.58,LOSS,1,17,MID
2061900671,1,5,3,7,16,SMALL,EVEN,WIN,SMALL,0.566,0,ODD,0.58,LOSS,1,16,MID
2061900672,0,4,8,0,12,SMALL,EVEN,WIN,SMALL,0.566,0,EVEN,0.62,WIN,1,16,MID
2061900673,4,7,9,6,26,BIG,EVEN,LOSS,SMALL,0.643,1,EVEN,0.62,WIN,1,15,MID
2061900674,0,3,2,7,12,SMALL,EVEN,WIN,SMALL,0.59,0,EVEN,0.7,WIN,1,17,MID
2061900675,6,8,8,2,24,BIG,EVEN,LOSS,SMALL,0.56,0,EVEN,0.7,WIN,1,17,MID
2061900676,0,8,0,4,12,SMALL,EVEN,WIN,SMALL,0.56,0,EVEN,0.7,WIN,1,18,MID
2061900677,8,0,9,6,23,BIG,ODD,LOSS,SMALL,0.56,0,EVEN,0.7,LOSS,1,17,MID
2061900678,3,6,4,7,20,BIG,EVEN,LOSS,SMALL,0.53,0,EVEN,0.68,WIN,1,18,MID
2061900679,3,6,1,7,17,SMALL,ODD,WIN,SMALL,0.53,0,EVEN,0.5,LOSS,0,18,MID
2061900680,0,5,9,8,22,BIG,EVEN,LOSS,SMALL,0.56,0,EVEN,0.5,WIN,0,19,MID
2061900681,8,6,4,8,26,BIG,EVEN,LOSS,SMALL,0.56,0,EVEN,0.535,WIN,0,19,MID
2061900682,1,0,3,3,7,SMALL,ODD,WIN,SMALL,0.56,0,EVEN,0.57,LOSS,0,21,MID
2061900683,4,5,1,9,19,BIG,ODD,LOSS,SMALL,0.56,0,EVEN,0.57,LOSS,0,19,MID
2061900684,4,8,1,6,19,BIG,ODD,LOSS,SMALL,0.53,0,EVEN,0.57,LOSS,0,18,MID
2061900685,5,3,3,2,13,SMALL,ODD,WIN,SMALL,0.5,0,ODD,0.62,WIN,1,18,MID
2061900686,3,2,7,7,19,BIG,ODD,LOSS,SMALL,0.5,0,ODD,0.62,WIN,1,17,MID
2061900687,6,9,0,5,20,BIG,EVEN,LOSS,SMALL,0.5,0,ODD,0.7,LOSS,1,17,MID
2061900688,3,4,2,9,18,BIG,EVEN,LOSS,SMALL,0.5,0,ODD,0.63,LOSS,1,18,MID
2061900689,1,0,2,3,6,SMALL,EVEN,LOSS,BIG,0.566,0,ODD,0.63,LOSS,1,18,MID
2061900690,4,6,5,9,24,BIG,EVEN,WIN,BIG,0.56,0,EVEN,0.62,WIN,1,16,MID
2061900691,5,1,6,6,18,BIG,EVEN,WIN,BIG,0.56,0,EVEN,0.62,WIN,1,17,MID
2061900692,8,1,0,5,14,SMALL,EVEN,LOSS,BIG,0.59,0,EVEN,0.7,WIN,1,17,MID
2061900693,1,7,4,5,17,SMALL,ODD,LOSS,BIG,0.59,0,EVEN,0.7,LOSS,1,17,MID
2061900694,5,2,4,8,19,BIG,ODD,WIN,BIG,0.56,0,EVEN,0.68,LOSS,1,16,MID
2061900695,9,1,2,1,13,SMALL,ODD,LOSS,BIG,0.59,0,EVEN,0.68,LOSS,1,17,MID
2061900696,3,0,4,2,9,SMALL,ODD,LOSS,BIG,0.56,0,ODD,0.62,WIN,1,17,MID
2061900697,1,6,3,8,18,BIG,EVEN,WIN,BIG,0.56,0,ODD,0.62,LOSS,1,15,MID
2061900698,4,7,5,0,16,SMALL,EVEN,LOSS,BIG,0.56,0,ODD,0.63,LOSS,1,15,MID
2061900699,3,6,1,6,16,SMALL,EVEN,LOSS,BIG,0.53,0,ODD,0.63,LOSS,1,15,MID
2061900700,9,9,3,6,27,BIG,ODD,WIN,BIG,0.53,0,EVEN,0.62,LOSS,1,16,MID
2061900701,2,1,4,5,12,SMALL,EVEN,LOSS,BIG,0.53,0,EVEN,0.58,WIN,1,17,MID
2061900702,9,0,7,0,16,SMALL,EVEN,WIN,SMALL,0.5,0,EVEN,0.5,WIN,0,17,MID
2061900703,3,8,3,1,15,SMALL,ODD,WIN,SMALL,0.5,0,EVEN,0.535,LOSS,0,17,MID
2061900704,1,3,8,7,19,BIG,ODD,LOSS,SMALL,0.566,0,EVEN,0.535,LOSS,0,16,MID
2061900705,2,8,9,7,26,BIG,EVEN,LOSS,SMALL,0.56,0,EVEN,0.535,WIN,0,17,MID
2061900706,5,9,8,3,25,BIG,ODD,LOSS,SMALL,0.56,0,EVEN,0.57,LOSS,0,18,MID
2061900707,5,7,2,4,18,BIG,EVEN,WIN,BIG,0.566,0,EVEN,0.57,WIN,0,20,MID
2061900708,6,2,4,5,17,SMALL,ODD,LOSS,BIG,0.566,0,EVEN,0.57,LOSS,0,20,MID
2061900709,7,4,1,5,17,SMALL,ODD,LOSS,BIG,0.59,0,EVEN,0.535,LOSS,0,20,MID
2061900710,1,6,6,9,22,BIG,EVEN,WIN,BIG,0.59,0,EVEN,0.5,WIN,0,19,MID
2061900711,5,1,2,9,17,SMALL,ODD,WIN,SMALL,0.53,0,EVEN,0.5,LOSS,0,19,MID
2061900712,9,2,9,8,28,BIG,EVEN,LOSS,SMALL,0.56,0,ODD,0.535,LOSS,0,19,MID
2061900713,1,7,2,2,12,SMALL,EVEN,WIN,SMALL,0.53,0,ODD,0.535,LOSS,0,21,MID
2061900714,2,7,2,1,12,SMALL,EVEN,WIN,SMALL,0.53,0,EVEN,0.5,WIN,0,20,MID
2061900715,3,3,4,8,18,BIG,EVEN,LOSS,SMALL,0.56,0,EVEN,0.62,WIN,1,19,MID
2061900716,1,7,3,5,16,SMALL,EVEN,WIN,SMALL,0.53,0,EVEN,0.62,WIN,1,17,MID
2061900717,5,8,1,7,21,BIG,ODD,LOSS,SMALL,0.53,0,EVEN,0.7,LOSS,1,17,MID
2061900718,6,7,6,6,25,BIG,ODD,LOSS,SMALL,0.53,0,EVEN,0.63,LOSS,1,17,MID
2061900719,2,9,8,1,20,BIG,EVEN,LOSS,SMALL,0.5,0,EVEN,0.63,WIN,1,19,MID
2061900720,8,0,6,4,18,BIG,EVEN,WIN,BIG,0.566,0,EVEN,0.535,WIN,0,20,MID
2061900721,9,2,8,4,23,BIG,ODD,WIN,BIG,0.566,0,EVEN,0.57,LOSS,0,20,MID
2061900722,7,4,3,5,19,BIG,ODD,WIN,BIG,0.643,1,EVEN,0.535,LOSS,0,20,MID
2061900723,2,8,1,8,19,BIG,ODD,WIN,BIG,0.643,1,EVEN,0.5,LOSS,0,20,MID
2061900724,5,2,6,8,21,BIG,ODD,WIN,BIG,0.643,1,ODD,0.62,WIN,1,20,MID
2061900725,1,4,3,5,13,SMALL,ODD,LOSS,BIG,0.643,1,ODD,0.62,WIN,1,20,MID
2061900726,7,1,5,9,22,BIG,EVEN,WIN,BIG,0.62,1,ODD,0.7,LOSS,1,19,MID
2061900727,8,3,9,8,28,BIG,EVEN,WIN,BIG,0.59,0,ODD,0.63,LOSS,1,19,MID
2061900728,3,1,7,1,12,SMALL,EVEN,LOSS,BIG,0.59,0,ODD,0.63,LOSS,1,21,MID
2061900729,0,8,4,3,15,SMALL,ODD,LOSS,BIG,0.59,0,EVEN,0.62,LOSS,1,20,MID
2061900730,6,6,9,2,23,BIG,ODD,WIN,BIG,0.59,0,EVEN,0.58,LOSS,1,19,MID
2061900731,3,2,3,1,9,SMALL,ODD,LOSS,BIG,0.59,0,EVEN,0.58,LOSS,1,19,MID
2061900732,5,2,5,5,17,SMALL,ODD,LOSS,BIG,0.59,0,ODD,0.62,WIN,1,17,MID
2061900733,7,0,4,5,16,SMALL,EVEN,LOSS,BIG,0.56,0,ODD,0.62,LOSS,1,17,MID
2061900734,6,3,0,4,13,SMALL,ODD,WIN,SMALL,0.566,0,ODD,0.63,WIN,1,16,MID
2061900735,9,3,9,0,21,BIG,ODD,LOSS,SMALL,0.566,0,ODD,0.57,WIN,0,16,MID
2061900736,8,9,8,5,30,BIG,EVEN,LOSS,SMALL,0.59,0,ODD,0.605,LOSS,1,17,MID
2061900737,5,2,3,5,15,SMALL,ODD,WIN,SMALL,0.59,0,ODD,0.605,WIN,1,19,MID
2061900738,9,9,8,5,31,BIG,ODD,WIN,BIG,0.56,0,ODD,0.605,WIN,1,19,MID
2061900739,9,5,8,0,22,BIG,EVEN,WIN,BIG,0.56,0,ODD,0.605,LOSS,1,21,MID
2061900740,1,6,4,6,17,SMALL,ODD,LOSS,BIG,0.56,0,ODD,0.605,WIN,1,22,MID
2061900741,2,6,4,0,12,SMALL,EVEN,LOSS,BIG,0.53,0,ODD,0.64,LOSS,1,21,MID
2061900742,5,9,7,3,24,BIG,EVEN,LOSS,SMALL,0.5,0,ODD,0.605,LOSS,1,19,MID
2061900743,3,0,6,8,17,SMALL,ODD,WIN,SMALL,0.5,0,ODD,0.57,WIN,0,20,MID
2061900744,3,3,1,7,14,SMALL,EVEN,WIN,SMALL,0.53,0,ODD,0.57,LOSS,0,19,MID
2061900745,3,8,0,1,12,SMALL,EVEN,WIN,SMALL,0.56,0,ODD,0.535,LOSS,0,19,MID
2061900746,9,9,7,3,28,BIG,EVEN,LOSS,SMALL,0.566,0,EVEN,0.5,WIN,0,17,MID
2061900747,7,2,7,0,16,SMALL,EVEN,WIN,SMALL,0.56,0,EVEN,0.62,WIN,1,19,MID
2061900748,2,1,0,7,10,SMALL,EVEN,WIN,SMALL,0.59,0,EVEN,0.62,WIN,1,19,MID
2061900749,3,4,9,3,19,BIG,ODD,LOSS,SMALL,0.59,0,EVEN,0.7,LOSS,1,17,MID
2061900750,9,7,6,0,22,BIG,EVEN,LOSS,SMALL,0.56,0,EVEN,0.63,WIN,1,17,MID
2061900751,3,4,5,1,13,SMALL,ODD,WIN,SMALL,0.56,0,EVEN,0.535,LOSS,0,18,MID
2061900752,0,4,9,1,14,SMALL,EVEN,WIN,SMALL,0.56,0,EVEN,0.535,WIN,0,17,MID
2061900753,1,3,4,9,17,SMALL,ODD,WIN,SMALL,0.56,0,EVEN,0.57,LOSS,0,16,MID
2061900754,2,1,8,4,15,SMALL,ODD,WIN,SMALL,0.566,0,EVEN,0.535,LOSS,0,16,MID
2061900755,8,1,8,1,18,BIG,EVEN,LOSS,SMALL,0.566,0,EVEN,0.535,WIN,0,16,MID
2061900756,6,4,7,4,21,BIG,ODD,LOSS,SMALL,0.59,0,EVEN,0.57,LOSS,0,17,MID
2061900757,6,8,7,0,21,BIG,ODD,LOSS,SMALL,0.59,0,EVEN,0.535,LOSS,0,17,MID
2061900758,9,3,7,7,26,BIG,EVEN,WIN,BIG,0.566,0,EVEN,0.535,WIN,0,18,MID
2061900759,2,9,2,2,15,SMALL,ODD,LOSS,BIG,0.566,0,EVEN,0.57,LOSS,0,20,MID
2061900760,6,0,9,2,17,SMALL,ODD,LOSS,BIG,0.59,0,EVEN,0.535,LOSS,0,19,MID
2061900761,0,4,6,9,19,BIG,ODD,WIN,BIG,0.59,0,EVEN,0.535,LOSS,0,19,MID
2061900762,6,0,1,6,13,SMALL,ODD,WIN,SMALL,0.53,0,ODD,0.62,WIN,1,18,MID
2061900763,2,6,4,8,20,BIG,EVEN,LOSS,SMALL,0.56,0,ODD,0.62,LOSS,1,18,MID
2061900764,4,8,2,0,14,SMALL,EVEN,WIN,SMALL,0.53,0,ODD,0.63,LOSS,1,18,MID
2061900765,7,0,3,3,13,SMALL,ODD,WIN,SMALL,0.53,0,ODD,0.63,WIN,1,17,MID
2061900766,9,0,3,8,20,BIG,EVEN,LOSS,SMALL,0.53,0,ODD,0.535,LOSS,0,17,MID
2061900767,0,7,2,8,17,SMALL,ODD,WIN,SMALL,0.53,0,ODD,0.535,WIN,0,17,MID
2061900768,2,3,3,9,17,SMALL,ODD,WIN,SMALL,0.53,0,ODD,0.57,WIN,0,17,MID
2061900769,3,7,8,1,19,BIG,ODD,LOSS,SMALL,0.53,0,ODD,0.605,WIN,1,17,MID
2061900770,5,1,8,2,16,SMALL,EVEN,WIN,SMALL,0.53,0,ODD,0.62,LOSS,1,17,MID
2061900771,6,0,4,7,17,SMALL,ODD,WIN,SMALL,0.56,0,ODD,0.58,WIN,1,17,MID
2061900772,4,9,4,7,24,BIG,EVEN,LOSS,SMALL,0.56,0,ODD,0.605,LOSS,1,17,MID
2061900773,1,0,9,3,13,SMALL,ODD,WIN,SMALL,0.53,0,ODD,0.605,WIN,1,18,MID
2061900774,7,7,8,9,31,BIG,ODD,LOSS,SMALL,0.53,0,ODD,0.605,WIN,1,17,MID
2061900775,2,0,3,1,6,SMALL,EVEN,WIN,SMALL,0.5,0,ODD,0.605,LOSS,1,20,MID
2061900776,3,3,6,5,17,SMALL,ODD,WIN,SMALL,0.53,0,ODD,0.605,WIN,1,18,MID
2061900777,4,0,8,9,21,BIG,ODD,LOSS,SMALL,0.56,0,ODD,0.605,WIN,1,18,MID
2061900778,4,9,5,2,20,BIG,EVEN,LOSS,SMALL,0.56,0,ODD,0.605,LOSS,1,17,MID
2061900779,7,6,5,2,20,BIG,EVEN,LOSS,SMALL,0.56,0,ODD,0.605,LOSS,1,19,MID
2061900780,9,3,5,0,17,SMALL,ODD,LOSS,BIG,0.566,0,ODD,0.57,WIN,0,18,MID
2061900781,4,6,4,3,17,SMALL,ODD,LOSS,BIG,0.56,0,ODD,0.57,WIN,0,19,MID
2061900782,0,4,1,2,7,SMALL,ODD,LOSS,BIG,0.56,0,ODD,0.57,WIN,0,19,MID
2061900783,2,6,8,1,17,SMALL,ODD,WIN,SMALL,0.566,0,ODD,0.62,WIN,1,16,MID
2061900784,7,9,4,4,24,BIG,EVEN,LOSS,SMALL,0.566,0,ODD,0.62,LOSS,1,16,MID
2061900785,4,4,4,2,14,SMALL,EVEN,WIN,SMALL,0.59,0,ODD,0.63,LOSS,1,16,MID
2061900786,5,3,6,8,22,BIG,EVEN,LOSS,SMALL,0.56,0,ODD,0.63,LOSS,1,17,MID
2061900787,7,3,1,7,18,BIG,EVEN,LOSS,SMALL,0.56,0,EVEN,0.62,WIN,1,18,MID
2061900788,2,6,4,9,21,BIG,ODD,LOSS,SMALL,0.53,0,EVEN,0.62,LOSS,1,18,MID
2061900789,9,8,3,9,29,BIG,ODD,WIN,BIG,0.566,0,EVEN,0.63,LOSS,1,19,MID
2061900790,1,7,7,2,17,SMALL,ODD,LOSS,BIG,0.566,0,EVEN,0.63,LOSS,1,20,MID
2061900791,2,9,0,4,15,SMALL,ODD,LOSS,BIG,0.59,0,ODD,0.62,WIN,1,20,MID
2061900792,6,8,4,2,20,BIG,EVEN,WIN,BIG,0.59,0,ODD,0.62,LOSS,1,19,MID
2061900793,8,5,4,6,23,BIG,ODD,LOSS,SMALL,0.5,0,ODD,0.63,WIN,1,19,MID
2061900794,6,1,2,9,18,BIG,EVEN,WIN,BIG,0.53,0,ODD,0.57,LOSS,0,20,MID
2061900795,1,5,8,7,21,BIG,ODD,WIN,BIG,0.566,0,ODD,0.535,WIN,0,19,MID
2061900796,9,7,2,1,19,BIG,ODD,WIN,BIG,0.566,0,ODD,0.57,WIN,0,20,MID
2061900797,4,9,7,8,28,BIG,EVEN,WIN,BIG,0.643,1,ODD,0.57,LOSS,0,20,MID
2061900798,3,4,4,6,17,SMALL,ODD,LOSS,BIG,0.643,1,ODD,0.535,WIN,0,22,MID
2061900799,6,7,6,4,23,BIG,ODD,WIN,BIG,0.62,1,ODD,0.57,WIN,0,21,MID
2061900800,5,6,6,9,26,BIG,EVEN,WIN,BIG,0.56,0,ODD,0.605,LOSS,1,21,MID
2061900801,6,3,5,3,17,SMALL,ODD,LOSS,BIG,0.59,0,ODD,0.57,WIN,0,22,MID
2061900802,6,5,9,4,24,BIG,EVEN,WIN,BIG,0.59,0,ODD,0.57,LOSS,0,22,MID
2061900803,7,0,0,2,9,SMALL,ODD,LOSS,BIG,0.62,1,ODD,0.535,WIN,0,22,MID
2061900804,0,6,7,4,17,SMALL,ODD,LOSS,BIG,0.62,1,ODD,0.535,WIN,0,19,MID
2061900805,4,4,1,2,11,SMALL,ODD,LOSS,BIG,0.59,0,ODD,0.57,WIN,0,19,MID
2061900806,2,0,9,8,19,BIG,ODD,LOSS,SMALL,0.566,0,ODD,0.62,WIN,1,17,MID
2061900807,3,0,0,6,9,SMALL,ODD,WIN,SMALL,0.56,0,ODD,0.62,WIN,1,17,MID
2061900808,0,1,2,3,6,SMALL,EVEN,LOSS,BIG,0.56,0,ODD,0.7,LOSS,1,15,MID
2061900809,3,0,0,6,9,SMALL,ODD,LOSS,BIG,0.53,0,ODD,0.63,WIN,1,14,MID
2061900810,2,6,0,9,17,SMALL,ODD,WIN,SMALL,0.566,0,ODD,0.64,WIN,1,12,LOW
2061900811,6,8,8,6,28,BIG,EVEN,LOSS,SMALL,0.566,0,ODD,0.64,LOSS,1,13,LOW
2061900812,7,4,5,3,19,BIG,ODD,LOSS,SMALL,0.59,0,ODD,0.605,WIN,1,15,MID
2061900813,8,9,6,3,26,BIG,EVEN,LOSS,SMALL,0.59,0,ODD,0.64,LOSS,1,16,MID
2061900814,6,8,8,1,23,BIG,ODD,WIN,BIG,0.566,0,ODD,0.605,WIN,1,19,MID
2061900815,8,1,1,2,12,SMALL,EVEN,LOSS,BIG,0.566,0,ODD,0.64,LOSS,1,20,MID
2061900816,5,7,7,7,26,BIG,EVEN,WIN,BIG,0.59,0,ODD,0.605,LOSS,1,19,MID
2061900817,4,3,2,8,17,SMALL,ODD,WIN,SMALL,0.5,0,ODD,0.57,WIN,0,19,MID
2061900818,4,6,1,9,20,BIG,EVEN,LOSS,SMALL,0.53,0,ODD,0.605,LOSS,1,19,MID
2061900819,2,5,8,6,21,BIG,ODD,LOSS,SMALL,0.5,0,ODD,0.57,WIN,0,20,MID
2061900820,6,0,3,3,12,SMALL,EVEN,WIN,SMALL,0.5,0,ODD,0.57,LOSS,0,20,MID
2061900821,5,4,6,2,17,SMALL,ODD,WIN,SMALL,0.53,0,ODD,0.57,WIN,0,19,MID
2061900822,7,7,7,6,27,BIG,ODD,LOSS,SMALL,0.53,0,ODD,0.57,WIN,0,18,MID
2061900823,6,9,6,7,28,BIG,EVEN,LOSS,SMALL,0.53,0,ODD,0.605,LOSS,1,20,MID
2061900824,2,2,6,0,10,SMALL,EVEN,WIN,SMALL,0.5,0,ODD,0.57,LOSS,0,21,MID
2061900825,9,9,1,0,19,BIG,ODD,LOSS,SMALL,0.5,0,ODD,0.535,WIN,0,19,MID
2061900826,1,8,3,8,20,BIG,EVEN,WIN,BIG,0.53,0,ODD,0.54,LOSS,0,20,MID
2061900827,7,9,7,5,28,BIG,EVEN,WIN,BIG,0.53,0,EVEN,0.5,WIN,0,19,MID
2061900828,4,0,0,0,4,SMALL,EVEN,LOSS,BIG,0.566,0,EVEN,0.54,WIN,0,21,MID
2061900829,0,7,5,1,13,SMALL,ODD,LOSS,BIG,0.56,0,EVEN,0.62,LOSS,1,18,MID
2061900830,9,6,6,4,25,BIG,ODD,WIN,BIG,0.56,0,EVEN,0.58,LOSS,1,17,MID
2061900831,7,0,3,8,18,BIG,EVEN,WIN,BIG,0.59,0,EVEN,0.58,WIN,1,18,MID
2061900832,2,3,4,5,14,SMALL,EVEN,LOSS,BIG,0.59,0,EVEN,0.535,WIN,0,19,MID
2061900833,7,6,8,2,23,BIG,ODD,WIN,BIG,0.56,0,EVEN,0.57,LOSS,0,17,MID
2061900834,8,9,0,3,20,BIG,EVEN,WIN,BIG,0.56,0,EVEN,0.535,WIN,0,18,MID
2061900835,0,8,9,5,22,BIG,EVEN,WIN,BIG,0.56,0,EVEN,0.57,WIN,0,19,MID
2061900836,1,5,5,6,17,SMALL,ODD,LOSS,BIG,0.566,0,EVEN,0.57,LOSS,0,20,MID
2061900837,5,5,4,1,15,SMALL,ODD,LOSS,BIG,0.56,0,EVEN,0.535,LOSS,0,19,MID
2061900838,4,3,2,3,12,SMALL,EVEN,LOSS,BIG,0.56,0,EVEN,0.535,WIN,0,18,MID
2061900839,5,0,0,1,6,SMALL,EVEN,WIN,SMALL,0.566,0,EVEN,0.535,WIN,0,17,MID
2061900840,2,3,1,6,12,SMALL,EVEN,WIN,SMALL,0.566,0,EVEN,0.57,WIN,0,15,MID
2061900841,0,8,1,3,12,SMALL,EVEN,WIN,SMALL,0.643,1,EVEN,0.62,WIN,1,14,MID
2061900842,6,1,5,6,18,BIG,EVEN,LOSS,SMALL,0.643,1,EVEN,0.62,WIN,1,13,LOW
2061900843,4,2,3,0,9,SMALL,ODD,WIN,SMALL,0.62,1,EVEN,0.7,LOSS,1,14,MID
2061900844,2,6,8,1,17,SMALL,ODD,WIN,SMALL,0.53,0,EVEN,0.63,LOSS,1,13,LOW
2061900845,5,5,2,8,20,BIG,EVEN,LOSS,SMALL,0.53,0,EVEN,0.63,WIN,1,14,MID
2061900846,3,0,4,4,11,SMALL,ODD,WIN,SMALL,0.53,0,EVEN,0.605,LOSS,1,15,MID
2061900847,5,6,1,8,20,BIG,EVEN,LOSS,SMALL,0.56,0,EVEN,0.57,WIN,0,14,MID
2061900848,6,8,5,1,20,BIG,EVEN,LOSS,SMALL,0.56,0,EVEN,0.57,WIN,0,15,MID
2061900849,4,8,8,3,23,BIG,ODD,LOSS,SMALL,0.53,0,EVEN,0.57,LOSS,0,16,MID
2061900850,7,2,9,4,22,BIG,EVEN,WIN,BIG,0.566,0,EVEN,0.57,WIN,0,18,MID
2061900851,8,2,1,6,17,SMALL,ODD,LOSS,BIG,0.566,0,EVEN,0.605,LOSS,1,19,MID
2061900852,3,5,2,6,16,SMALL,EVEN,LOSS,BIG,0.59,0,EVEN,0.57,WIN,0,19,MID
2061900853,2,6,3,8,19,BIG,ODD,WIN,BIG,0.59,0,EVEN,0.57,LOSS,0,18,MID
2061900854,6,2,9,4,21,BIG,ODD,LOSS,SMALL,0.53,0,EVEN,0.57,LOSS,0,19,MID
2061900855,8,1,6,5,20,BIG,EVEN,LOSS,SMALL,0.53,0,EVEN,0.535,WIN,0,19,MID
2061900856,1,3,0,1,5,SMALL,ODD,LOSS,BIG,0.566,0,EVEN,0.535,LOSS,0,19,MID
2061900857,9,2,9,7,27,BIG,ODD,WIN,BIG,0.56,0,EVEN,0.535,LOSS,0,17,MID
2061900858,3,8,3,8,22,BIG,EVEN,LOSS,SMALL,0.5,0,EVEN,0.535,WIN,0,18,MID
2061900859,8,1,1,9,19,BIG,ODD,WIN,BIG,0.53,0,EVEN,0.535,LOSS,0,19,MID
2061900860,3,8,0,1,12,SMALL,EVEN,LOSS,BIG,0.566,0,EVEN,0.5,WIN,0,20,MID
2061900861,4,1,6,2,13,SMALL,ODD,LOSS,BIG,0.56,0,EVEN,0.5,LOSS,0,18,MID
2061900862,6,7,0,1,14,SMALL,EVEN,LOSS,BIG,0.56,0,ODD,0.54,LOSS,0,17,MID
2061900863,8,3,6,4,21,BIG,ODD,LOSS,SMALL,0.566,0,ODD,0.54,WIN,0,16,MID
2061900864,2,4,8,7,21,BIG,ODD,LOSS,SMALL,0.56,0,ODD,0.54,WIN,0,17,MID
2061900865,2,5,4,5,16,SMALL,EVEN,WIN,SMALL,0.56,0,ODD,0.54,LOSS,0,17,MID
2061900866,9,9,4,5,27,BIG,ODD,WIN,BIG,0.56,0,ODD,0.54,WIN,0,17,MID
2061900867,2,5,0,6,13,SMALL,ODD,LOSS,BIG,0.59,0,ODD,0.54,WIN,0,20,MID
2061900868,0,1,5,1,7,SMALL,ODD,LOSS,BIG,0.56,0,ODD,0.58,WIN,1,19,MID
2061900869,7,9,2,7,25,BIG,ODD,WIN,BIG,0.53,0,ODD,0.62,WIN,1,16,MID
2061900870,4,9,2,7,22,BIG,EVEN,WIN,BIG,0.53,0,ODD,0.62,LOSS,1,17,MID
2061900871,3,2,5,9,19,BIG,ODD,WIN,BIG,0.53,0,ODD,0.63,WIN,1,18,MID
2061900872,2,4,4,1,11,SMALL,ODD,LOSS,BIG,0.566,0,ODD,0.605,WIN,1,19,MID
2061900873,3,5,6,9,23,BIG,ODD,WIN,BIG,0.56,0,ODD,0.64,WIN,1,18,MID
2061900874,2,0,9,7,18,BIG,EVEN,WIN,BIG,0.56,0,ODD,0.62,LOSS,1,19,MID
2061900875,5,3,9,1,18,BIG,EVEN,WIN,BIG,0.56,0,ODD,0.58,LOSS,1,18,MID
2061900876,4,5,6,8,23,BIG,ODD,WIN,BIG,0.566,0,ODD,0.58,WIN,1,18,MID
2061900877,3,3,6,1,13,SMALL,ODD,LOSS,BIG,0.566,0,ODD,0.605,WIN,1,18,MID
2061900878,5,1,8,5,19,BIG,ODD,WIN,BIG,0.59,0,ODD,0.605,WIN,1,18,MID
2061900879,0,1,7,7,15,SMALL,ODD,LOSS,BIG,0.56,0,ODD,0.62,WIN,1,19,MID
2061900880,7,1,3,9,20,BIG,EVEN,WIN,BIG,0.53,0,ODD,0.62,LOSS,1,17,MID
2061900881,8,0,8,7,23,BIG,ODD,WIN,BIG,0.56,0,ODD,0.63,WIN,1,18,MID
2061900882,9,3,5,3,20,BIG,EVEN,Not Predicted,,0.0,0,,0.0,Not Predicted,0,0,
2061900883,8,4,0,3,15,SMALL,ODD,Not Predicted,,0.0,0,,0.0,Not Predicted,0,0,
2061900884,7,2,5,5,19,BIG,ODD,Not Predicted,,0.0,0,,0.0,Not Predicted,0,0,
2061900885,3,2,4,5,14,SMALL,EVEN,Not Predicted,,0.0,0,,0.0,Not Predicted,0,0,
2061900886,4,9,8,1,22,BIG,EVEN,Not Predicted,,0.0,0,,0.0,Not Predicted,0,0,
2061900887,0,8,2,6,16,SMALL,EVEN,Not Predicted,,0.0,0,,0.0,Not Predicted,0,0,
2061900888,6,1,6,2,15,SMALL,ODD,Not Predicted,,0.0,0,,0.0,Not Predicted,0,0,
2061900889,8,0,6,1,15,SMALL,ODD,Not Predicted,,0.0,0,,0.0,Not Predicted,0,0,
2061900890,6,4,9,5,24,BIG,EVEN,Not Predicted,,0.0,0,,0.0,Not Predicted,0,0,
2061900891,1,4,6,1,12,SMALL,EVEN,Not Predicted,,0.0,0,,0.0,Not Predicted,0,0,
2061900892,5,5,6,6,22,BIG,EVEN,Not Predicted,,0.0,0,,0.0,Not Predicted,0,0,
2061900893,9,7,3,4,23,BIG,ODD,Not Predicted,,0.0,0,,0.0,Not Predicted,0,0,
2061900894,9,6,1,9,25,BIG,ODD,Not Predicted,,0.0,0,,0.0,Not Predicted,0,0,
2061900895,2,4,3,5,14,SMALL,EVEN,Not Predicted,,0.0,0,,0.0,Not Predicted,0,0,
2061900896,8,1,2,5,16,SMALL,EVEN,Not Predicted,,0.0,0,,0.0,Not Predicted,0,0,
2061900897,1,9,7,6,23,BIG,ODD,Not Predicted,,0.0,0,,0.0,Not Predicted,0,0,
2061900898,3,8,8,1,20,BIG,EVEN,Not Predicted,,0.0,0,,0.0,Not Predicted,0,0,
2061900899,2,0,0,8,10,SMALL,EVEN,Not Predicted,,0.0,0,,0.0,Not Predicted,0,0,
2061900900,2,3,8,6,19,BIG,ODD,Not Predicted,,0.0,0,,0.0,Not Predicted,0,0,
2061900901,0,8,7,8,23,BIG,ODD,Not Predicted,,0.0,0,,0.0,Not Predicted,0,0,
2061900902,2,0,7,7,16,SMALL,EVEN,Not Predicted,,0.0,0,,0.0,Not Predicted,0,0,
2061900903,1,7,5,1,14,SMALL,EVEN,Not Predicted,,0.0,0,,0.0,Not Predicted,0,0,
2061900904,5,1,3,5,14,SMALL,EVEN,Not Predicted,,0.0,0,,0.0,Not Predicted,0,0,
2061900905,0,7,4,4,15,SMALL,ODD,Not Predicted,,0.0,0,,0.0,Not Predicted,0,0,
2061900906,1,4,2,8,15,SMALL,ODD,Not Predicted,,0.0,0,,0.0,Not Predicted,0,0,
2061900907,8,6,1,0,15,SMALL,ODD,Not Predicted,,0.0,0,,0.0,Not Predicted,0,0,
2061900908,7,2,7,5,21,BIG,ODD,Not Predicted,,0.0,0,,0.0,Not Predicted,0,0,
2061900909,5,2,8,6,21,BIG,ODD,Not Predicted,,0.0,0,,0.0,Not Predicted,0,0,
2061900910,2,9,3,7,21,BIG,ODD,Not Predicted,,0.0,0,,0.0,Not Predicted,0,0,
2061900911,4,7,6,4,21,BIG,ODD,Not Predicted,,0.0,0,,0.0,Not Predicted,0,0,
2061900912,8,0,4,9,21,BIG,ODD,Not Predicted,,0.0,0,,0.0,Not Predicted,0,0,
2061900913,8,9,3,6,26,BIG,EVEN,Not Predicted,,0.0,0,,0.0,Not Predicted,0,0,
2061900914,2,2,3,1,8,SMALL,EVEN,Not Predicted,,0.0,0,,0.0,Not Predicted,0,0,
2061900915,8,6,7,5,26,BIG,EVEN,Not Predicted,,0.0,0,,0.0,Not Predicted,0,0,
2061900916,2,6,8,1,17,SMALL,ODD,Not Predicted,,0.0,0,,0.0,Not Predicted,0,0,
2061900917,2,2,1,8,13,SMALL,ODD,Not Predicted,,0.0,0,,0.0,Not Predicted,0,0,
2061900918,5,9,4,8,26,BIG,EVEN,Not Predicted,,0.0,0,,0.0,Not Predicted,0,0,
2061900919,5,1,8,7,21,BIG,ODD,Not Predicted,,0.0,0,,0.0,Not Predicted,0,0,
2061900920,2,2,1,3,8,SMALL,EVEN,Not Predicted,,0.0,0,,0.0,Not Predicted,0,0,
2061900921,0,3,8,7,18,BIG,EVEN,Not Predicted,,0.0,0,,0.0,Not Predicted,0,0,
2061900922,5,4,9,4,22,BIG,EVEN,Not Predicted,,0.0,0,,0.0,Not Predicted,0,0,
2061900923,7,8,8,8,31,BIG,ODD,Not Predicted,,0.0,0,,0.0,Not Predicted,0,0,
2061900924,0,7,9,0,16,SMALL,EVEN,Not Predicted,,0.0,0,,0.0,Not Predicted,0,0,
2061900925,4,0,2,6,12,SMALL,EVEN,Not Predicted,,0.0,0,,0.0,Not Predicted,0,0,
2061900926,7,2,3,3,15,SMALL,ODD,Not Predicted,,0.0,0,,0.0,Not Predicted,0,0,
2061900927,9,6,1,7,23,BIG,ODD,Not Predicted,,0.0,0,,0.0,Not Predicted,0,0,
2061900928,2,7,7,5,21,BIG,ODD,Not Predicted,,0.0,0,,0.0,Not Predicted,0,0,
2061900929,0,4,3,0,7,SMALL,ODD,Not Predicted,,0.0,0,,0.0,Not Predicted,0,0,
2061900930,1,8,3,0,12,SMALL,EVEN,LOSS,BIG,0.56,0,ODD,0.62,LOSS,1,17,MID
2061900931,2,5,8,6,21,BIG,ODD,WIN,BIG,0.53,0,ODD,0.63,WIN,1,16,MID
2061900932,0,4,5,9,18,BIG,EVEN,WIN,BIG,0.53,0,EVEN,0.5,WIN,0,17,MID
2061900933,5,2,6,0,13,SMALL,ODD,LOSS,BIG,0.53,0,EVEN,0.535,LOSS,0,17,MID
2061900934,7,9,0,1,17,SMALL,ODD,WIN,SMALL,0.5,0,EVEN,0.5,LOSS,0,16,MID
2061900935,1,2,3,8,14,SMALL,EVEN,WIN,SMALL,0.5,0,ODD,0.535,LOSS,0,16,MID
2061900936,0,7,7,3,17,SMALL,ODD,WIN,SMALL,0.566,0,ODD,0.535,WIN,0,16,MID
2061900937,0,4,4,5,13,SMALL,ODD,WIN,SMALL,0.566,0,ODD,0.535,WIN,0,16,MID
2061900938,2,6,6,6,20,BIG,EVEN,LOSS,SMALL,0.643,1,ODD,0.535,LOSS,0,15,MID
2061900939,9,5,5,6,25,BIG,ODD,LOSS,SMALL,0.59,0,ODD,0.535,WIN,0,16,MID
2061900940,1,4,7,5,17,SMALL,ODD,WIN,SMALL,0.59,0,ODD,0.535,WIN,0,18,MID
2061900941,4,1,6,2,13,SMALL,ODD,WIN,SMALL,0.53,0,ODD,0.57,WIN,0,18,MID
2061900942,9,8,9,4,30,BIG,EVEN,LOSS,SMALL,0.56,0,ODD,0.62,LOSS,1,17,MID
2061900943,6,8,6,9,29,BIG,ODD,LOSS,SMALL,0.56,0,ODD,0.58,WIN,1,19,MID
2061900944,9,3,7,1,20,BIG,EVEN,LOSS,SMALL,0.56,0,ODD,0.605,LOSS,1,21,MID
2061900945,5,3,4,1,13,SMALL,ODD,LOSS,BIG,0.566,0,ODD,0.605,WIN,1,22,MID
2061900946,0,3,1,1,5,SMALL,ODD,LOSS,BIG,0.56,0,ODD,0.64,WIN,1,20,MID
2061900947,3,7,6,1,17,SMALL,ODD,LOSS,BIG,0.56,0,ODD,0.64,WIN,1,18,MID
2061900948,6,3,0,6,15,SMALL,ODD,WIN,SMALL,0.566,0,ODD,0.62,WIN,1,17,MID
2061900949,1,4,0,0,5,SMALL,ODD,WIN,SMALL,0.566,0,ODD,0.62,WIN,1,16,MID
2061900950,9,6,1,7,23,BIG,ODD,LOSS,SMALL,0.643,1,ODD,0.7,WIN,1,14,MID
2061900951,3,9,1,1,14,SMALL,EVEN,WIN,SMALL,0.59,0,ODD,0.7,LOSS,1,15,MID
2061900952,9,6,4,3,22,BIG,EVEN,LOSS,SMALL,0.59,0,ODD,0.68,LOSS,1,16,MID
2061900953,9,0,4,1,14,SMALL,EVEN,WIN,SMALL,0.59,0,ODD,0.68,LOSS,1,17,MID
2061900954,9,7,5,9,30,BIG,EVEN,LOSS,SMALL,0.59,0,EVEN,0.62,WIN,1,15,MID
2061900955,3,5,2,4,14,SMALL,EVEN,WIN,SMALL,0.56,0,EVEN,0.62,WIN,1,18,MID
2061900956,0,7,3,9,19,BIG,ODD,LOSS,SMALL,0.56,0,EVEN,0.7,LOSS,1,17,MID
2061900957,5,9,3,2,19,BIG,ODD,LOSS,SMALL,0.53,0,EVEN,0.63,LOSS,1,19,MID
2061900958,1,0,0,7,8,SMALL,EVEN,WIN,SMALL,0.5,0,EVEN,0.63,WIN,1,18,MID
2061900959,3,7,8,5,23,BIG,ODD,LOSS,SMALL,0.53,0,ODD,0.57,WIN,0,17,MID
2061900960,5,5,2,0,12,SMALL,EVEN,WIN,SMALL,0.53,0,ODD,0.57,LOSS,0,18,MID
2061900961,0,2,2,4,8,SMALL,EVEN,WIN,SMALL,0.53,0,ODD,0.535,LOSS,0,16,MID
2061900962,4,3,4,1,12,SMALL,EVEN,WIN,SMALL,0.53,0,EVEN,0.5,WIN,0,16,MID
2061900963,8,1,2,5,16,SMALL,EVEN,WIN,SMALL,0.566,0,EVEN,0.62,WIN,1,14,MID
2061900964,1,5,9,7,22,BIG,EVEN,LOSS,SMALL,0.566,0,EVEN,0.62,WIN,1,15,MID
2061900965,8,3,5,6,22,BIG,EVEN,LOSS,SMALL,0.59,0,EVEN,0.7,WIN,1,15,MID
2061900966,1,7,2,7,17,SMALL,ODD,WIN,SMALL,0.59,0,EVEN,0.7,LOSS,1,17,MID
2061900967,7,4,8,5,24,BIG,EVEN,LOSS,SMALL,0.56,0,EVEN,0.68,WIN,1,17,MID
2061900968,3,6,3,7,19,BIG,ODD,LOSS,SMALL,0.53,0,EVEN,0.605,LOSS,1,18,MID
2061900969,9,4,5,2,20,BIG,EVEN,LOSS,SMALL,0.5,0,EVEN,0.605,WIN,1,19,MID
2061900970,5,0,7,0,12,SMALL,EVEN,LOSS,BIG,0.566,0,EVEN,0.64,WIN,1,19,MID
2061900971,7,3,6,5,21,BIG,ODD,WIN,BIG,0.56,0,EVEN,0.675,LOSS,1,18,MID
2061900972,3,5,8,6,22,BIG,EVEN,WIN,BIG,0.53,0,EVEN,0.64,WIN,1,19,MID
2061900973,0,7,1,5,13,SMALL,ODD,LOSS,BIG,0.53,0,EVEN,0.64,LOSS,1,19,MID
2061900974,6,8,5,5,24,BIG,EVEN,WIN,BIG,0.53,0,EVEN,0.605,WIN,1,19,MID
2061900975,2,6,4,4,16,SMALL,EVEN,LOSS,BIG,0.53,0,EVEN,0.605,WIN,1,19,MID
2061900976,9,6,2,5,22,BIG,EVEN,WIN,BIG,0.53,0,EVEN,0.605,WIN,1,19,MID
2061900977,8,8,3,8,27,BIG,ODD,WIN,BIG,0.53,0,EVEN,0.62,LOSS,1,20,MID
2061900978,1,8,8,3,20,BIG,EVEN,WIN,BIG,0.53,0,EVEN,0.58,WIN,1,20,MID
2061900979,5,1,5,9,20,BIG,EVEN,WIN,BIG,0.566,0,EVEN,0.64,WIN,1,21,MID
2061900980,6,1,8,7,22,BIG,EVEN,WIN,BIG,0.566,0,EVEN,0.675,WIN,1,21,MID
2061900981,7,2,9,2,20,BIG,EVEN,WIN,BIG,0.643,1,EVEN,0.62,WIN,1,21,MID
2061900982,2,8,1,1,12,SMALL,EVEN,LOSS,BIG,0.643,1,EVEN,0.62,WIN,1,21,MID
2061900983,4,6,2,7,19,BIG,ODD,WIN,BIG,0.62,1,EVEN,0.7,LOSS,1,19,MID
2061900984,6,0,8,4,18,BIG,EVEN,WIN,BIG,0.65,1,EVEN,0.63,WIN,1,19,MID
2061900985,0,6,2,0,8,SMALL,EVEN,LOSS,BIG,0.65,1,EVEN,0.64,WIN,1,19,MID
2061900986,6,7,5,6,24,BIG,EVEN,WIN,BIG,0.62,1,EVEN,0.64,WIN,1,17,MID
2061900987,4,1,7,5,17,SMALL,ODD,LOSS,BIG,0.65,1,EVEN,0.62,LOSS,1,18,MID
2061900988,0,1,8,3,12,SMALL,EVEN,LOSS,BIG,0.62,1,EVEN,0.58,WIN,1,17,MID
2061900989,7,9,7,4,27,BIG,ODD,WIN,BIG,0.59,0,EVEN,0.675,LOSS,1,17,MID
2061900990,3,0,8,2,13,SMALL,ODD,LOSS,BIG,0.59,0,EVEN,0.64,LOSS,1,18,MID
2061900991,6,7,6,5,24,BIG,EVEN,WIN,BIG,0.59,0,EVEN,0.605,WIN,1,18,MID
2061900992,7,6,3,1,17,SMALL,ODD,LOSS,BIG,0.59,0,EVEN,0.64,LOSS,1,19,MID
2061900993,8,9,5,0,22,BIG,EVEN,WIN,BIG,0.56,0,EVEN,0.605,WIN,1,18,MID
2061900994,8,5,3,2,18,BIG,EVEN,WIN,BIG,0.59,0,EVEN,0.64,WIN,1,19,MID
2061900995,7,9,5,2,23,BIG,ODD,WIN,BIG,0.59,0,EVEN,0.64,LOSS,1,19,MID
2061900996,3,8,5,7,23,BIG,ODD,WIN,BIG,0.566,0,EVEN,0.605,LOSS,1,20,MID
2061900997,5,4,6,7,22,BIG,EVEN,WIN,BIG,0.566,0,EVEN,0.57,WIN,0,20,MID
2061900998,6,1,2,2,11,SMALL,ODD,LOSS,BIG,0.643,1,EVEN,0.605,LOSS,1,21,MID
2061900999,0,2,4,7,13,SMALL,ODD,LOSS,BIG,0.59,0,EVEN,0.57,LOSS,0,20,MID
2061901000,9,6,6,7,28,BIG,EVEN,WIN,BIG,0.59,0,EVEN,0.535,WIN,0,18,MID
2061901001,5,0,9,3,17,SMALL,ODD,LOSS,BIG,0.56,0,EVEN,0.535,LOSS,0,19,MID
2061901002,5,6,4,4,19,BIG,ODD,WIN,BIG,0.53,0,EVEN,0.5,LOSS,0,19,MID
2061901003,0,5,8,8,21,BIG,ODD,WIN,BIG,0.56,0,ODD,0.535,WIN,0,19,MID
2061901004,5,9,8,6,28,BIG,EVEN,WIN,BIG,0.56,0,ODD,0.62,LOSS,1,19,MID
2061901005,6,6,1,8,21,BIG,ODD,WIN,BIG,0.566,0,ODD,0.58,WIN,1,22,MID
2061901006,9,2,1,6,18,BIG,EVEN,WIN,BIG,0.566,0,ODD,0.57,LOSS,0,21,MID
2061901007,6,5,1,1,13,SMALL,ODD,LOSS,BIG,0.643,1,ODD,0.57,WIN,0,21,MID
2061901008,3,9,4,1,17,SMALL,ODD,LOSS,BIG,0.59,0,ODD,0.57,WIN,0,19,MID
2061901009,3,2,1,7,13,SMALL,ODD,LOSS,BIG,0.59,0,ODD,0.605,WIN,1,19,MID
2061901010,5,5,8,2,20,BIG,EVEN,LOSS,SMALL,0.566,0,ODD,0.62,LOSS,1,18,MID
2061901011,0,9,6,9,24,BIG,EVEN,LOSS,SMALL,0.56,0,ODD,0.58,LOSS,1,18,MID
2061901012,3,4,6,4,17,SMALL,ODD,WIN,SMALL,0.56,0,ODD,0.58,WIN,1,19,MID
2061901013,3,7,8,7,25,BIG,ODD,WIN,BIG,0.59,0,ODD,0.57,WIN,0,19,MID
2061901014,8,4,1,0,13,SMALL,ODD,LOSS,BIG,0.59,0,ODD,0.605,WIN,1,20,MID
2061901015,0,7,8,5,20,BIG,EVEN,WIN,BIG,0.56,0,ODD,0.62,LOSS,1,19,MID
2061901016,7,9,3,7,26,BIG,EVEN,WIN,BIG,0.56,0,ODD,0.58,LOSS,1,19,MID
2061901017,0,0,2,4,6,SMALL,EVEN,LOSS,BIG,0.56,0,ODD,0.58,LOSS,1,19,MID
2061901018,2,9,7,2,20,BIG,EVEN,WIN,BIG,0.53,0,EVEN,0.62,WIN,1,18,MID
2061901019,9,1,4,8,22,BIG,EVEN,WIN,BIG,0.56,0,EVEN,0.62,WIN,1,18,MID
2061901020,1,8,3,1,13,SMALL,ODD,LOSS,BIG,0.59,0,EVEN,0.7,LOSS,1,18,MID
2061901021,7,9,8,5,29,BIG,ODD,WIN,BIG,0.56,0,EVEN,0.63,LOSS,1,18,MID
2061901022,4,8,6,5,23,BIG,ODD,WIN,BIG,0.59,0,EVEN,0.63,LOSS,1,19,MID
2061901023,7,8,2,5,22,BIG,EVEN,WIN,BIG,0.59,0,ODD,0.62,LOSS,1,21,MID
2061901024,3,0,9,5,17,SMALL,ODD,LOSS,BIG,0.566,0,ODD,0.58,WIN,1,21,MID
2061901025,2,3,0,4,9,SMALL,ODD,LOSS,BIG,0.56,0,ODD,0.535,WIN,0,20,MID
2061901026,4,5,9,7,25,BIG,ODD,WIN,BIG,0.56,0,ODD,0.535,WIN,0,19,MID
2061901027,0,4,2,6,12,SMALL,EVEN,LOSS,BIG,0.53,0,ODD,0.62,LOSS,1,18,MID
2061901028,2,9,0,5,16,SMALL,EVEN,LOSS,BIG,0.53,0,ODD,0.58,LOSS,1,18,MID
2061901029,6,8,5,9,28,BIG,EVEN,WIN,BIG,0.53,0,ODD,0.58,LOSS,1,18,MID
2061901030,8,4,0,5,17,SMALL,ODD,LOSS,BIG,0.56,0,EVEN,0.62,LOSS,1,19,MID
2061901031,9,0,2,3,14,SMALL,EVEN,LOSS,BIG,0.53,0,EVEN,0.58,WIN,1,20,MID
2061901032,6,8,5,5,24,BIG,EVEN,LOSS,SMALL,0.5,0,EVEN,0.5,WIN,0,18,MID
2061901033,3,8,8,2,21,BIG,ODD,WIN,BIG,0.53,0,EVEN,0.535,LOSS,0,19,MID
2061901034,4,3,3,1,11,SMALL,ODD,LOSS,BIG,0.53,0,EVEN,0.535,LOSS,0,19,MID
2061901035,5,6,6,2,19,BIG,ODD,WIN,BIG,0.53,0,EVEN,0.535,LOSS,0,18,MID
2061901036,4,2,8,1,15,SMALL,ODD,LOSS,BIG,0.53,0,ODD,0.62,WIN,1,18,MID
2061901037,1,3,4,1,9,SMALL,ODD,WIN,SMALL,0.5,0,ODD,0.62,WIN,1,17,MID
2061901038,4,5,8,3,20,BIG,EVEN,LOSS,SMALL,0.5,0,ODD,0.7,LOSS,1,16,MID
2061901039,2,5,2,9,18,BIG,EVEN,LOSS,SMALL,0.5,0,ODD,0.63,LOSS,1,16,MID
2061901040,6,1,2,9,18,BIG,EVEN,LOSS,SMALL,0.5,0,ODD,0.63,LOSS,1,16,MID
2061901041,2,6,6,7,21,BIG,ODD,WIN,BIG,0.566,0,EVEN,0.62,LOSS,1,17,MID
2061901042,9,8,5,2,24,BIG,EVEN,WIN,BIG,0.566,0,EVEN,0.58,WIN,1,18,MID
2061901043,8,4,3,6,21,BIG,ODD,WIN,BIG,0.643,1,EVEN,0.5,LOSS,0,19,MID
2061901044,2,4,3,7,16,SMALL,EVEN,LOSS,BIG,0.643,1,ODD,0.535,LOSS,0,19,MID
2061901045,8,8,0,8,24,BIG,EVEN,WIN,BIG,0.62,1,EVEN,0.5,WIN,0,19,MID
2061901046,5,8,8,3,24,BIG,EVEN,WIN,BIG,0.56,0,EVEN,0.535,WIN,0,20,MID
2061901047,5,4,6,5,20,BIG,EVEN,WIN,BIG,0.56,0,EVEN,0.62,WIN,1,21,MID
2061901048,6,4,3,4,17,SMALL,ODD,LOSS,BIG,0.566,0,EVEN,0.62,LOSS,1,21,MID
2061901049,4,8,4,3,19,BIG,ODD,WIN,BIG,0.56,0,EVEN,0.63,LOSS,1,20,MID
2061901050,1,3,2,6,12,SMALL,EVEN,LOSS,BIG,0.59,0,EVEN,0.63,WIN,1,20,MID
2061901051,5,0,9,1,15,SMALL,ODD,LOSS,BIG,0.59,0,EVEN,0.535,LOSS,0,19,MID
2061901052,7,4,7,0,18,BIG,EVEN,WIN,BIG,0.59,0,EVEN,0.5,WIN,0,18,MID
2061901053,4,3,6,2,15,SMALL,ODD,LOSS,BIG,0.59,0,EVEN,0.5,LOSS,0,17,MID
2061901054,9,5,6,9,29,BIG,ODD,WIN,BIG,0.56,0,EVEN,0.5,LOSS,0,17,MID
2061901055,4,9,6,5,24,BIG,EVEN,WIN,BIG,0.59,0,EVEN,0.5,WIN,0,19,MID
2061901056,9,1,3,4,17,SMALL,ODD,LOSS,BIG,0.59,0,EVEN,0.535,LOSS,0,20,MID
2061901057,0,3,6,7,16,SMALL,EVEN,LOSS,BIG,0.59,0,EVEN,0.535,WIN,0,20,MID
2061901058,5,1,9,0,15,SMALL,ODD,LOSS,BIG,0.59,0,EVEN,0.57,LOSS,0,19,MID
2061901059,3,5,6,5,19,BIG,ODD,LOSS,SMALL,0.566,0,EVEN,0.535,LOSS,0,18,MID
2061901060,4,4,9,7,24,BIG,EVEN,LOSS,SMALL,0.56,0,EVEN,0.5,WIN,0,18,MID
2061901061,3,1,2,8,14,SMALL,EVEN,WIN,SMALL,0.56,0,EVEN,0.5,WIN,0,19,MID
2061901062,9,5,0,5,19,BIG,ODD,WIN,BIG,0.53,0,EVEN,0.535,LOSS,0,19,MID
2061901063,7,3,3,1,14,SMALL,EVEN,LOSS,BIG,0.53,0,EVEN,0.5,WIN,0,19,MID
2061901064,6,8,3,0,17,SMALL,ODD,WIN,SMALL,0.5,0,EVEN,0.535,LOSS,0,18,MID
2061901065,6,5,3,4,18,BIG,EVEN,LOSS,SMALL,0.5,0,EVEN,0.5,WIN,0,18,MID
2061901066,2,8,9,7,26,BIG,EVEN,LOSS,SMALL,0.5,0,EVEN,0.5,WIN,0,17,MID
2061901067,7,5,2,7,21,BIG,ODD,LOSS,SMALL,0.5,0,EVEN,0.5,LOSS,0,19,MID
2061901068,0,3,2,3,8,SMALL,EVEN,LOSS,BIG,0.566,0,ODD,0.54,LOSS,0,19,MID
2061901069,6,6,1,4,17,SMALL,ODD,LOSS,BIG,0.56,0,EVEN,0.5,LOSS,0,18,MID
2061901070,6,4,3,3,16,SMALL,EVEN,LOSS,BIG,0.56,0,EVEN,0.5,WIN,0,17,MID
2061901071,1,7,2,2,12,SMALL,EVEN,WIN,SMALL,0.566,0,EVEN,0.5,WIN,0,17,MID
2061901072,1,3,9,9,22,BIG,EVEN,LOSS,SMALL,0.566,0,EVEN,0.54,WIN,0,16,MID
2061901073,7,7,3,4,21,BIG,ODD,LOSS,SMALL,0.59,0,EVEN,0.62,LOSS,1,16,MID
2061901074,0,2,5,0,7,SMALL,ODD,WIN,SMALL,0.59,0,EVEN,0.58,LOSS,1,18,MID
2061901075,9,7,9,2,27,BIG,ODD,LOSS,SMALL,0.53,0,EVEN,0.58,LOSS,1,16,MID
2061901076,1,3,1,3,8,SMALL,EVEN,WIN,SMALL,0.53,0,ODD,0.62,LOSS,1,18,MID
2061901077,7,4,9,4,24,BIG,EVEN,LOSS,SMALL,0.53,0,ODD,0.58,LOSS,1,16,MID
2061901078,0,3,8,4,15,SMALL,ODD,WIN,SMALL,0.5,0,ODD,0.58,WIN,1,17,MID
2061901079,3,4,0,7,14,SMALL,EVEN,WIN,SMALL,0.5,0,EVEN,0.535,WIN,0,16,MID
2061901080,7,0,9,4,20,BIG,EVEN,LOSS,SMALL,0.53,0,EVEN,0.57,WIN,0,17,MID
2061901081,1,9,4,7,21,BIG,ODD,LOSS,SMALL,0.53,0,EVEN,0.57,LOSS,0,17,MID
2061901082,9,9,4,1,23,BIG,ODD,LOSS,SMALL,0.5,0,EVEN,0.535,LOSS,0,18,MID
2061901083,1,1,9,0,11,SMALL,ODD,LOSS,BIG,0.566,0,EVEN,0.535,LOSS,0,19,MID
2061901084,8,0,2,9,19,BIG,ODD,WIN,BIG,0.56,0,ODD,0.62,WIN,1,18,MID
2061901085,7,3,9,2,21,BIG,ODD,WIN,BIG,0.53,0,ODD,0.62,WIN,1,18,MID
2061901086,3,1,3,9,16,SMALL,EVEN,LOSS,BIG,0.53,0,ODD,0.7,LOSS,1,18,MID
2061901087,5,2,2,8,17,SMALL,ODD,WIN,SMALL,0.5,0,ODD,0.63,WIN,1,18,MID
2061901088,3,0,2,0,5,SMALL,ODD,WIN,SMALL,0.53,0,ODD,0.535,WIN,0,17,MID
2061901089,8,4,3,3,18,BIG,EVEN,LOSS,SMALL,0.566,0,ODD,0.57,LOSS,0,16,MID
2061901090,6,4,7,2,19,BIG,ODD,LOSS,SMALL,0.56,0,ODD,0.535,WIN,0,16,MID
2061901091,2,8,5,8,23,BIG,ODD,LOSS,SMALL,0.56,0,ODD,0.57,WIN,0,16,MID
2061901092,8,7,4,3,22,BIG,EVEN,WIN,BIG,0.566,0,ODD,0.605,LOSS,1,18,MID
2061901093,8,8,4,3,23,BIG,ODD,WIN,BIG,0.566,0,ODD,0.605,WIN,1,18,MID
2061901094,5,1,7,3,16,SMALL,EVEN,LOSS,BIG,0.643,1,ODD,0.605,LOSS,1,20,MID
2061901095,0,1,8,6,15,SMALL,ODD,LOSS,BIG,0.59,0,ODD,0.57,WIN,0,19,MID
2061901096,5,9,7,5,26,BIG,EVEN,WIN,BIG,0.59,0,ODD,0.57,LOSS,0,18,MID
2061901097,4,5,9,8,26,BIG,EVEN,WIN,BIG,0.56,0,ODD,0.57,LOSS,0,19,MID
2061901098,9,6,2,1,18,BIG,EVEN,WIN,BIG,0.56,0,ODD,0.57,LOSS,0,20,MID
2061901099,1,8,0,0,9,SMALL,ODD,LOSS,BIG,0.566,0,EVEN,0.62,LOSS,1,21,MID
2061901100,7,7,1,5,20,BIG,EVEN,WIN,BIG,0.56,0,EVEN,0.58,WIN,1,19,MID
2061901101,6,0,6,5,17,SMALL,ODD,LOSS,BIG,0.59,0,ODD,0.57,WIN,0,19,MID
2061901102,0,2,4,6,12,SMALL,EVEN,LOSS,BIG,0.56,0,ODD,0.57,LOSS,0,18,MID
2061901103,9,7,4,0,20,BIG,EVEN,WIN,BIG,0.53,0,ODD,0.535,LOSS,0,17,MID
2061901104,1,5,0,3,9,SMALL,ODD,LOSS,BIG,0.56,0,EVEN,0.5,LOSS,0,17,MID
2061901105,8,5,2,7,22,BIG,EVEN,WIN,BIG,0.53,0,EVEN,0.5,WIN,0,16,MID
2061901106,9,7,7,4,27,BIG,ODD,WIN,BIG,0.53,0,EVEN,0.535,LOSS,0,17,MID
2061901107,5,2,7,3,17,SMALL,ODD,LOSS,BIG,0.56,0,EVEN,0.5,LOSS,0,18,MID
2061901108,6,0,5,1,12,SMALL,EVEN,LOSS,BIG,0.56,0,EVEN,0.5,WIN,0,19,MID
2061901109,2,0,8,6,16,SMALL,EVEN,LOSS,BIG,0.56,0,EVEN,0.535,WIN,0,17,MID
2061901110,3,5,3,8,19,BIG,ODD,LOSS,SMALL,0.566,0,EVEN,0.535,LOSS,0,17,MID
2061901111,7,3,3,6,19,BIG,ODD,LOSS,SMALL,0.56,0,EVEN,0.535,LOSS,0,17,MID
2061901112,2,2,9,7,20,BIG,EVEN,LOSS,SMALL,0.56,0,EVEN,0.535,WIN,0,17,MID
2061901113,6,7,5,2,20,BIG,EVEN,WIN,BIG,0.566,0,EVEN,0.535,WIN,0,18,MID
2061901114,8,0,9,5,22,BIG,EVEN,WIN,BIG,0.566,0,EVEN,0.57,WIN,0,19,MID
2061901115,5,8,3,5,21,BIG,ODD,WIN,BIG,0.643,1,EVEN,0.62,LOSS,1,20,MID
2061901116,5,5,2,1,13,SMALL,ODD,LOSS,BIG,0.643,1,EVEN,0.58,LOSS,1,20,MID
2061901117,7,6,5,2,20,BIG,EVEN,WIN,BIG,0.62,1,EVEN,0.58,WIN,1,18,MID
2061901118,1,4,3,3,11,SMALL,ODD,LOSS,BIG,0.56,0,EVEN,0.535,LOSS,0,18,MID
2061901119,0,5,9,9,23,BIG,ODD,WIN,BIG,0.53,0,EVEN,0.5,LOSS,0,17,MID
2061901120,8,6,6,6,26,BIG,EVEN,WIN,BIG,0.56,0,EVEN,0.5,WIN,0,18,MID
2061901121,2,5,2,7,16,SMALL,EVEN,LOSS,BIG,0.56,0,EVEN,0.5,WIN,0,19,MID
2061901122,4,1,4,7,16,SMALL,EVEN,LOSS,BIG,0.56,0,EVEN,0.535,WIN,0,20,MID
2061901123,7,6,7,3,23,BIG,ODD,WIN,BIG,0.56,0,EVEN,0.62,LOSS,1,19,MID
2061901124,9,6,3,3,21,BIG,ODD,WIN,BIG,0.56,0,EVEN,0.58,LOSS,1,19,MID
2061901125,0,0,3,4,7,SMALL,ODD,LOSS,BIG,0.59,0,EVEN,0.58,LOSS,1,20,MID
2061901126,4,4,8,3,19,BIG,ODD,WIN,BIG,0.56,0,ODD,0.62,WIN,1,17,MID
2061901127,7,4,2,1,14,SMALL,EVEN,LOSS,BIG,0.56,0,ODD,0.62,LOSS,1,17,MID
2061901128,8,0,2,6,16,SMALL,EVEN,LOSS,BIG,0.56,0,ODD,0.63,LOSS,1,17,MID
2061901129,8,4,6,5,23,BIG,ODD,WIN,BIG,0.56,0,ODD,0.63,WIN,1,17,MID
2061901130,9,5,6,5,25,BIG,ODD,WIN,BIG,0.59,0,ODD,0.535,WIN,0,17,MID
2061901131,8,1,9,3,21,BIG,ODD,WIN,BIG,0.59,0,ODD,0.535,WIN,0,19,MID
2061901132,6,4,9,2,21,BIG,ODD,WIN,BIG,0.566,0,ODD,0.62,WIN,1,20,MID
2061901133,2,7,1,2,12,SMALL,EVEN,LOSS,BIG,0.566,0,ODD,0.62,LOSS,1,20,MID
2061901134,9,1,0,2,12,SMALL,EVEN,LOSS,BIG,0.59,0,ODD,0.63,LOSS,1,19,MID
2061901135,8,9,6,2,25,BIG,ODD,WIN,BIG,0.59,0,ODD,0.63,WIN,1,17,MID
2061901136,8,2,6,2,18,BIG,EVEN,WIN,BIG,0.53,0,ODD,0.57,LOSS,0,18,MID
2061901137,1,1,1,8,11,SMALL,ODD,LOSS,BIG,0.56,0,ODD,0.535,WIN,0,18,MID
2061901138,1,9,2,7,19,BIG,ODD,WIN,BIG,0.53,0,ODD,0.57,WIN,0,17,MID
2061901139,1,2,6,7,16,SMALL,EVEN,LOSS,BIG,0.56,0,ODD,0.57,LOSS,0,18,MID
2061901140,7,8,5,5,25,BIG,ODD,WIN,BIG,0.53,0,ODD,0.535,WIN,0,17,MID
2061901141,6,6,0,6,18,BIG,EVEN,WIN,BIG,0.53,0,ODD,0.57,LOSS,0,18,MID
2061901142,6,2,9,5,22,BIG,EVEN,WIN,BIG,0.56,0,ODD,0.57,LOSS,0,18,MID
2061901143,7,5,3,5,20,BIG,EVEN,WIN,BIG,0.566,0,ODD,0.57,LOSS,0,19,MID
2061901144,7,6,5,9,27,BIG,ODD,WIN,BIG,0.566,0,EVEN,0.62,LOSS,1,19,MID
2061901145,7,5,3,0,15,SMALL,ODD,LOSS,BIG,0.643,1,EVEN,0.58,LOSS,1,21,MID
2061901146,5,3,0,7,15,SMALL,ODD,LOSS,BIG,0.59,0,EVEN,0.58,LOSS,1,20,MID
2061901147,8,7,6,9,30,BIG,EVEN,WIN,BIG,0.59,0,ODD,0.62,LOSS,1,19,MID
2061901148,0,4,3,0,7,SMALL,ODD,LOSS,BIG,0.59,0,ODD,0.58,WIN,1,21,MID
2061901149,3,5,2,5,15,SMALL,ODD,LOSS,BIG,0.59,0,ODD,0.57,WIN,0,19,MID
2061901150,7,3,9,1,20,BIG,EVEN,WIN,BIG,0.56,0,ODD,0.57,LOSS,0,18,MID
2061901151,1,5,8,4,18,BIG,EVEN,WIN,BIG,0.56,0,ODD,0.535,LOSS,0,17,MID
2061901152,9,5,0,3,17,SMALL,ODD,LOSS,BIG,0.56,0,EVEN,0.5,LOSS,0,18,MID
2061901153,8,6,2,3,19,BIG,ODD,WIN,BIG,0.53,0,EVEN,0.5,LOSS,0,17,MID
2061901154,0,4,8,3,15,SMALL,ODD,LOSS,BIG,0.56,0,ODD,0.535,WIN,0,18,MID
2061901155,3,0,9,4,16,SMALL,EVEN,LOSS,BIG,0.56,0,ODD,0.62,LOSS,1,17,MID
2061901156,1,7,0,4,12,SMALL,EVEN,LOSS,BIG,0.53,0,ODD,0.58,LOSS,1,17,MID
2061901157,3,2,4,5,14,SMALL,EVEN,WIN,SMALL,0.566,0,ODD,0.58,LOSS,1,16,MID
2061901158,1,2,4,3,10,SMALL,EVEN,WIN,SMALL,0.566,0,EVEN,0.62,WIN,1,15,MID
2061901159,0,1,6,9,16,SMALL,EVEN,WIN,SMALL,0.643,1,EVEN,0.62,WIN,1,14,MID
2061901160,3,6,6,1,16,SMALL,EVEN,WIN,SMALL,0.643,1,EVEN,0.7,WIN,1,15,MID
2061901161,4,1,2,9,16,SMALL,EVEN,WIN,SMALL,0.643,1,EVEN,0.7,WIN,1,15,MID
2061901162,3,6,6,8,23,BIG,ODD,LOSS,SMALL,0.643,1,EVEN,0.7,LOSS,1,15,MID
2061901163,5,1,9,3,18,BIG,EVEN,LOSS,SMALL,0.62,1,EVEN,0.68,WIN,1,16,MID
2061901164,8,4,3,9,24,BIG,EVEN,LOSS,SMALL,0.62,1,EVEN,0.535,WIN,0,17,MID
2061901165,7,4,0,9,20,BIG,EVEN,WIN,BIG,0.566,0,EVEN,0.57,WIN,0,18,MID
2061901166,8,4,7,8,27,BIG,ODD,WIN,BIG,0.566,0,EVEN,0.62,LOSS,1,19,MID
2061901167,9,8,2,3,22,BIG,EVEN,WIN,BIG,0.643,1,EVEN,0.58,WIN,1,21,MID
2061901168,4,1,9,9,23,BIG,ODD,WIN,BIG,0.643,1,EVEN,0.605,LOSS,1,21,MID
2061901169,0,1,5,6,12,SMALL,EVEN,LOSS,BIG,0.643,1,EVEN,0.605,WIN,1,22,MID
2061901170,6,9,3,4,22,BIG,EVEN,WIN,BIG,0.62,1,EVEN,0.64,WIN,1,20,MID
2061901171,0,0,3,8,11,SMALL,ODD,WIN,SMALL,0.5,0,EVEN,0.64,LOSS,1,21,MID
2061901172,8,5,5,8,26,BIG,EVEN,LOSS,SMALL,0.53,0,EVEN,0.605,WIN,1,18,MID
2061901173,1,1,9,6,17,SMALL,ODD,WIN,SMALL,0.5,0,EVEN,0.64,LOSS,1,20,MID
2061901174,5,9,8,4,26,BIG,EVEN,LOSS,SMALL,0.53,0,EVEN,0.64,WIN,1,19,MID
2061901175,9,2,6,0,17,SMALL,ODD,WIN,SMALL,0.5,0,EVEN,0.675,LOSS,1,21,MID
2061901176,9,1,1,7,18,BIG,EVEN,LOSS,SMALL,0.5,0,EVEN,0.64,WIN,1,20,MID
2061901177,3,9,4,6,22,BIG,EVEN,WIN,BIG,0.53,0,EVEN,0.64,WIN,1,20,MID
2061901178,2,7,2,3,14,SMALL,EVEN,LOSS,BIG,0.56,0,EVEN,0.64,WIN,1,20,MID
2061901179,9,3,8,6,26,BIG,EVEN,WIN,BIG,0.56,0,EVEN,0.62,WIN,1,19,MID
2061901180,4,4,9,6,23,BIG,ODD,WIN,BIG,0.59,0,EVEN,0.62,LOSS,1,20,MID
2061901181,1,9,0,0,10,SMALL,EVEN,LOSS,BIG,0.62,1,EVEN,0.63,WIN,1,20,MID
2061901182,7,8,2,3,20,BIG,EVEN,WIN,BIG,0.62,1,EVEN,0.605,WIN,1,20,MID
2061901183,7,6,3,8,24,BIG,EVEN,WIN,BIG,0.62,1,EVEN,0.64,WIN,1,19,MID
2061901184,6,0,5,3,14,SMALL,EVEN,LOSS,BIG,0.62,1,EVEN,0.62,WIN,1,20,MID
2061901185,9,1,1,9,20,BIG,EVEN,WIN,BIG,0.59,0,EVEN,0.62,WIN,1,19,MID
2061901186,3,5,5,6,19,BIG,ODD,WIN,BIG,0.59,0,EVEN,0.7,LOSS,1,19,MID
2061901187,4,7,6,0,17,SMALL,ODD,LOSS,BIG,0.59,0,EVEN,0.63,LOSS,1,19,MID
2061901188,1,7,4,4,16,SMALL,EVEN,LOSS,BIG,0.56,0,EVEN,0.63,WIN,1,19,MID
2061901189,9,6,9,4,28,BIG,EVEN,WIN,BIG,0.53,0,EVEN,0.64,WIN,1,18,MID
2061901190,2,4,1,8,15,SMALL,ODD,LOSS,BIG,0.56,0,EVEN,0.64,LOSS,1,20,MID
2061901191,7,3,6,9,25,BIG,ODD,WIN,BIG,0.53,0,EVEN,0.605,LOSS,1,19,MID
2061901192,6,3,6,0,15,SMALL,ODD,LOSS,BIG,0.56,0,EVEN,0.605,LOSS,1,20,MID
2061901193,2,7,0,8,17,SMALL,ODD,LOSS,BIG,0.53,0,ODD,0.62,WIN,1,19,MID
2061901194,8,1,5,1,15,SMALL,ODD,LOSS,BIG,0.53,0,ODD,0.62,WIN,1,19,MID
2061901195,3,9,2,3,17,SMALL,ODD,WIN,SMALL,0.566,0,ODD,0.7,WIN,1,18,MID
2061901196,0,2,0,2,4,SMALL,EVEN,WIN,SMALL,0.566,0,ODD,0.7,LOSS,1,18,MID
2061901197,6,4,2,5,17,SMALL,ODD,WIN,SMALL,0.643,1,ODD,0.68,WIN,1,15,MID
2061901198,3,4,6,1,14,SMALL,EVEN,WIN,SMALL,0.643,1,EVEN,0.5,WIN,0,15,MID
2061901199,4,9,1,3,17,SMALL,ODD,WIN,SMALL,0.643,1,EVEN,0.5,LOSS,0,15,MID
2061901200,6,5,4,0,15,SMALL,ODD,WIN,SMALL,0.643,1,ODD,0.535,WIN,0,15,MID
2061901201,0,3,8,1,12,SMALL,EVEN,WIN,SMALL,0.643,1,ODD,0.535,LOSS,0,15,MID
2061901202,5,9,7,5,26,BIG,EVEN,LOSS,SMALL,0.643,1,ODD,0.535,LOSS,0,15,MID
2061901203,6,4,2,7,19,BIG,ODD,LOSS,SMALL,0.62,1,ODD,0.535,WIN,0,16,MID
2061901204,8,8,7,3,26,BIG,EVEN,LOSS,SMALL,0.62,1,ODD,0.57,LOSS,0,17,MID
2061901205,8,4,0,6,18,BIG,EVEN,WIN,BIG,0.566,0,ODD,0.57,LOSS,0,19,MID
2061901206,3,6,6,3,18,BIG,EVEN,WIN,BIG,0.566,0,ODD,0.57,LOSS,0,19,MID
2061901207,0,7,9,0,16,SMALL,EVEN,LOSS,BIG,0.643,1,EVEN,0.62,WIN,1,20,MID
2061901208,1,0,7,5,13,SMALL,ODD,LOSS,BIG,0.59,0,EVEN,0.62,LOSS,1,18,MID
2061901209,2,2,3,2,9,SMALL,ODD,LOSS,BIG,0.59,0,EVEN,0.63,LOSS,1,18,MID
2061901210,8,5,5,8,26,BIG,EVEN,LOSS,SMALL,0.566,0,EVEN,0.63,WIN,1,16,MID
2061901211,6,7,0,8,21,BIG,ODD,LOSS,SMALL,0.56,0,ODD,0.535,WIN,0,17,MID
2061901212,2,9,7,4,22,BIG,EVEN,LOSS,SMALL,0.56,0,ODD,0.535,LOSS,0,18,MID
2061901213,7,1,2,5,15,SMALL,ODD,LOSS,BIG,0.566,0,EVEN,0.5,LOSS,0,19,MID
2061901214,5,1,4,4,14,SMALL,EVEN,LOSS,BIG,0.56,0,EVEN,0.5,WIN,0,19,MID
2061901215,1,6,9,3,19,BIG,ODD,WIN,BIG,0.56,0,EVEN,0.535,LOSS,0,18,MID
2061901216,6,8,9,2,25,BIG,ODD,LOSS,SMALL,0.53,0,EVEN,0.535,LOSS,0,17,MID
2061901217,3,5,7,3,18,BIG,EVEN,LOSS,SMALL,0.5,0,EVEN,0.5,WIN,0,19,MID
2061901218,4,2,7,0,13,SMALL,ODD,LOSS,BIG,0.566,0,EVEN,0.535,LOSS,0,19,MID
2061901219,3,7,8,0,18,BIG,EVEN,WIN,BIG,0.56,0,EVEN,0.5,WIN,0,18,MID
2061901220,3,0,4,0,7,SMALL,ODD,LOSS,BIG,0.56,0,EVEN,0.535,LOSS,0,18,MID
2061901221,8,4,4,6,22,BIG,EVEN,WIN,BIG,0.56,0,EVEN,0.535,WIN,0,16,MID
2061901222,9,8,6,1,24,BIG,EVEN,WIN,BIG,0.59,0,EVEN,0.535,WIN,0,16,MID
2061901223,0,2,7,8,17,SMALL,ODD,LOSS,BIG,0.59,0,EVEN,0.535,LOSS,0,17,MID
2061901224,0,8,1,9,18,BIG,EVEN,WIN,BIG,0.56,0,EVEN,0.535,WIN,0,18,MID
2061901225,0,3,3,0,6,SMALL,EVEN,LOSS,BIG,0.56,0,EVEN,0.535,WIN,0,18,MID
2061901226,1,4,1,1,7,SMALL,ODD,LOSS,BIG,0.53,0,EVEN,0.54,LOSS,0,16,MID
2061901227,7,4,6,0,17,SMALL,ODD,WIN,SMALL,0.5,0,EVEN,0.5,LOSS,0,14,MID
2061901228,5,5,3,4,17,SMALL,ODD,WIN,SMALL,0.566,0,ODD,0.54,WIN,0,13,LOW
2061901229,1,1,2,2,6,SMALL,EVEN,WIN,SMALL,0.566,0,ODD,0.62,LOSS,1,14,MID
2061901230,9,9,8,0,26,BIG,EVEN,LOSS,SMALL,0.643,1,ODD,0.58,LOSS,1,13,LOW
2061901231,7,1,4,9,21,BIG,ODD,LOSS,SMALL,0.59,0,ODD,0.58,WIN,1,16,MID
2061901232,3,5,8,9,25,BIG,ODD,LOSS,SMALL,0.59,0,EVEN,0.5,LOSS,0,17,MID
2061901233,1,8,8,7,24,BIG,EVEN,WIN,BIG,0.566,0,ODD,0.535,LOSS,0,18,MID
2061901234,1,5,2,8,16,SMALL,EVEN,LOSS,BIG,0.566,0,EVEN,0.5,WIN,0,19,MID
2061901235,8,4,9,1,22,BIG,EVEN,WIN,BIG,0.59,0,EVEN,0.5,WIN,0,19,MID
2061901236,1,4,6,8,19,BIG,ODD,WIN,BIG,0.53,0,EVEN,0.62,LOSS,1,20,MID
2061901237,9,9,8,9,35,BIG,ODD,WIN,BIG,0.53,0,EVEN,0.58,LOSS,1,20,MID
2061901238,5,7,3,0,15,SMALL,ODD,LOSS,BIG,0.566,0,EVEN,0.58,LOSS,1,23,HIGH
2061901239,4,7,2,1,14,SMALL,EVEN,LOSS,BIG,0.56,0,ODD,0.62,LOSS,1,21,MID
2061901240,2,0,1,1,4,SMALL,EVEN,LOSS,BIG,0.56,0,ODD,0.58,LOSS,1,21,MID
2061901241,3,0,1,1,5,SMALL,ODD,WIN,SMALL,0.566,0,ODD,0.58,WIN,1,17,MID
2061901242,6,2,3,9,20,BIG,EVEN,LOSS,SMALL,0.566,0,EVEN,0.5,WIN,0,15,MID
2061901243,3,8,7,6,24,BIG,EVEN,LOSS,SMALL,0.59,0,EVEN,0.5,WIN,0,14,MID
2061901244,6,4,7,2,19,BIG,ODD,LOSS,SMALL,0.59,0,EVEN,0.535,LOSS,0,16,MID
2061901245,2,1,4,1,8,SMALL,EVEN,LOSS,BIG,0.566,0,EVEN,0.5,WIN,0,17,MID
2061901246,9,6,3,2,20,BIG,EVEN,WIN,BIG,0.56,0,EVEN,0.5,WIN,0,16,MID
2061901247,5,5,8,0,18,BIG,EVEN,WIN,BIG,0.53,0,EVEN,0.535,WIN,0,17,MID
2061901248,5,4,8,4,21,BIG,ODD,WIN,BIG,0.56,0,EVEN,0.62,LOSS,1,16,MID
2061901249,3,4,5,5,17,SMALL,ODD,LOSS,BIG,0.566,0,EVEN,0.58,LOSS,1,17,MID
2061901250,1,2,3,2,8,SMALL,EVEN,LOSS,BIG,0.56,0,EVEN,0.58,WIN,1,17,MID
2061901251,5,6,9,8,28,BIG,EVEN,WIN,BIG,0.56,0,EVEN,0.535,WIN,0,16,MID
2061901252,1,2,0,2,5,SMALL,ODD,LOSS,BIG,0.56,0,EVEN,0.57,LOSS,0,18,MID
2061901253,5,0,3,9,17,SMALL,ODD,LOSS,BIG,0.53,0,EVEN,0.57,LOSS,0,16,MID
2061901254,6,2,8,7,23,BIG,ODD,LOSS,SMALL,0.5,0,EVEN,0.535,LOSS,0,16,MID
2061901255,7,4,5,9,25,BIG,ODD,WIN,BIG,0.53,0,ODD,0.62,WIN,1,16,MID
2061901256,4,5,9,7,25,BIG,ODD,WIN,BIG,0.53,0,ODD,0.62,WIN,1,19,MID
2061901257,3,5,6,5,19,BIG,ODD,WIN,BIG,0.566,0,ODD,0.7,WIN,1,20,MID
2061901258,8,2,3,4,17,SMALL,ODD,LOSS,BIG,0.566,0,ODD,0.7,WIN,1,21,MID
2061901259,3,8,2,1,14,SMALL,EVEN,LOSS,BIG,0.59,0,ODD,0.7,LOSS,1,20,MID
2061901260,5,9,1,5,20,BIG,EVEN,WIN,BIG,0.59,0,ODD,0.68,LOSS,1,18,MID
2061901261,2,4,1,9,16,SMALL,EVEN,LOSS,BIG,0.56,0,ODD,0.68,LOSS,1,19,MID
2061901262,7,5,4,4,20,BIG,EVEN,WIN,BIG,0.56,0,EVEN,0.62,WIN,1,18,MID
2061901263,5,4,5,6,20,BIG,EVEN,WIN,BIG,0.56,0,EVEN,0.62,WIN,1,19,MID
2061901264,6,8,7,7,28,BIG,EVEN,WIN,BIG,0.56,0,EVEN,0.7,WIN,1,19,MID
2061901265,2,3,6,8,19,BIG,ODD,WIN,BIG,0.566,0,EVEN,0.7,LOSS,1,21,MID
2061901266,2,3,1,2,8,SMALL,EVEN,LOSS,BIG,0.566,0,EVEN,0.68,WIN,1,21,MID
2061901267,2,2,7,6,17,SMALL,ODD,LOSS,BIG,0.59,0,EVEN,0.5,LOSS,0,18,MID
2061901268,3,1,0,3,7,SMALL,ODD,LOSS,BIG,0.59,0,ODD,0.535,WIN,0,17,MID
2061901269,5,8,0,7,20,BIG,EVEN,LOSS,SMALL,0.566,0,ODD,0.535,LOSS,0,15,MID
2061901270,0,4,1,1,6,SMALL,EVEN,WIN,SMALL,0.56,0,EVEN,0.5,WIN,0,16,MID
2061901271,5,7,3,3,18,BIG,EVEN,WIN,BIG,0.53,0,EVEN,0.5,WIN,0,14,MID
2061901272,2,4,8,8,22,BIG,EVEN,WIN,BIG,0.53,0,EVEN,0.62,WIN,1,15,MID
2061901273,4,2,3,0,9,SMALL,ODD,LOSS,BIG,0.56,0,EVEN,0.62,LOSS,1,16,MID
2061901274,9,0,9,1,19,BIG,ODD,WIN,BIG,0.56,0,EVEN,0.63,LOSS,1,15,MID
2061901275,1,8,2,8,19,BIG,ODD,WIN,BIG,0.56,0,EVEN,0.63,LOSS,1,15,MID
2061901276,0,3,7,3,13,SMALL,ODD,LOSS,BIG,0.56,0,ODD,0.62,WIN,1,16,MID
2061901277,9,2,6,3,20,BIG,EVEN,WIN,BIG,0.53,0,ODD,0.62,LOSS,1,16,MID
2061901278,5,7,7,3,22,BIG,EVEN,WIN,BIG,0.53,0,ODD,0.63,LOSS,1,16,MID
2061901279,6,5,8,6,25,BIG,ODD,WIN,BIG,0.56,0,ODD,0.63,WIN,1,18,MID
2061901280,2,6,4,6,18,BIG,EVEN,WIN,BIG,0.566,0,EVEN,0.57,WIN,0,19,MID
2061901281,2,6,8,8,24,BIG,EVEN,WIN,BIG,0.566,0,EVEN,0.57,WIN,0,19,MID
2061901282,2,9,1,0,12,SMALL,EVEN,LOSS,BIG,0.643,1,EVEN,0.57,WIN,0,21,MID
2061901283,9,7,6,3,25,BIG,ODD,WIN,BIG,0.59,0,EVEN,0.62,LOSS,1,19,MID
2061901284,3,2,7,6,18,BIG,EVEN,WIN,BIG,0.59,0,EVEN,0.58,WIN,1,20,MID
2061901285,1,6,8,9,24,BIG,EVEN,WIN,BIG,0.59,0,EVEN,0.535,WIN,0,19,MID
2061901286,3,8,1,0,12,SMALL,EVEN,LOSS,BIG,0.566,0,EVEN,0.57,WIN,0,21,MID
2061901287,3,6,9,5,23,BIG,ODD,WIN,BIG,0.56,0,EVEN,0.62,LOSS,1,19,MID
2061901288,8,1,1,2,12,SMALL,EVEN,LOSS,BIG,0.62,1,EVEN,0.58,WIN,1,20,MID
2061901289,1,5,7,9,22,BIG,EVEN,WIN,BIG,0.62,1,EVEN,0.605,WIN,1,18,MID
2061901290,4,1,0,5,10,SMALL,EVEN,LOSS,BIG,0.62,1,EVEN,0.605,WIN,1,19,MID
2061901291,6,1,0,8,15,SMALL,ODD,LOSS,BIG,0.62,1,EVEN,0.62,LOSS,1,17,MID
2061901292,1,6,3,0,10,SMALL,EVEN,LOSS,BIG,0.59,0,EVEN,0.58,WIN,1,17,MID
2061901293,5,8,1,2,16,SMALL,EVEN,WIN,SMALL,0.566,0,EVEN,0.57,WIN,0,15,MID
2061901294,9,6,0,0,15,SMALL,ODD,WIN,SMALL,0.566,0,EVEN,0.605,LOSS,1,15,MID
2061901295,4,5,0,2,11,SMALL,ODD,WIN,SMALL,0.643,1,EVEN,0.605,LOSS,1,15,MID
2061901296,7,6,3,4,20,BIG,EVEN,LOSS,SMALL,0.643,1,EVEN,0.605,WIN,1,14,MID
2061901297,8,7,6,3,24,BIG,EVEN,LOSS,SMALL,0.62,1,EVEN,0.64,WIN,1,15,MID
2061901298,8,2,2,1,13,SMALL,ODD,WIN,SMALL,0.62,1,EVEN,0.64,LOSS,1,17,MID
2061901299,2,0,2,2,6,SMALL,EVEN,WIN,SMALL,0.5,0,EVEN,0.605,WIN,1,17,MID
2061901300,6,8,6,1,21,BIG,ODD,LOSS,SMALL,0.53,0,EVEN,0.64,LOSS,1,14,MID
2061901301,4,2,6,2,14,SMALL,EVEN,WIN,SMALL,0.53,0,EVEN,0.605,WIN,1,15,MID
2061901302,0,6,4,2,12,SMALL,EVEN,WIN,SMALL,0.56,0,EVEN,0.605,WIN,1,15,MID
2061901303,1,0,6,2,9,SMALL,ODD,WIN,SMALL,0.56,0,EVEN,0.605,LOSS,1,15,MID
2061901304,5,9,6,2,22,BIG,EVEN,LOSS,SMALL,0.566,0,EVEN,0.605,WIN,1,13,LOW
2061901305,2,0,7,3,12,SMALL,EVEN,WIN,SMALL,0.56,0,EVEN,0.605,WIN,1,15,MID
2061901306,3,8,3,2,16,SMALL,EVEN,WIN,SMALL,0.62,1,EVEN,0.605,WIN,1,15,MID
2061901307,0,9,9,5,23,BIG,ODD,LOSS,SMALL,0.62,1,EVEN,0.62,LOSS,1,15,MID
2061901308,3,4,2,0,9,SMALL,ODD,WIN,SMALL,0.62,1,EVEN,0.58,LOSS,1,16,MID
2061901309,0,3,9,3,15,SMALL,ODD,WIN,SMALL,0.62,1,EVEN,0.58,LOSS,1,15,MID
2061901310,6,3,7,5,21,BIG,ODD,LOSS,SMALL,0.65,1,ODD,0.62,WIN,1,15,MID
2061901311,7,2,2,0,11,SMALL,ODD,WIN,SMALL,0.62,1,ODD,0.62,WIN,1,16,MID
2061901312,0,6,6,9,21,BIG,ODD,LOSS,SMALL,0.62,1,ODD,0.7,WIN,1,15,MID
2061901313,7,5,0,9,21,BIG,ODD,LOSS,SMALL,0.59,0,ODD,0.7,WIN,1,16,MID
2061901314,5,2,2,7,16,SMALL,EVEN,WIN,SMALL,0.56,0,ODD,0.7,LOSS,1,17,MID
2061901315,2,4,7,4,17,SMALL,ODD,WIN,SMALL,0.56,0,ODD,0.68,WIN,1,18,MID
2061901316,9,6,8,9,32,BIG,EVEN,LOSS,SMALL,0.56,0,ODD,0.535,LOSS,0,17,MID
2061901317,1,7,9,1,18,BIG,EVEN,LOSS,SMALL,0.56,0,ODD,0.535,LOSS,0,20,MID
2061901318,7,0,5,8,20,BIG,EVEN,LOSS,SMALL,0.56,0,ODD,0.535,LOSS,0,20,MID
2061901319,8,1,8,3,20,BIG,EVEN,WIN,BIG,0.566,0,EVEN,0.62,WIN,1,20,MID
2061901320,0,7,1,1,9,SMALL,ODD,LOSS,BIG,0.566,0,EVEN,0.62,LOSS,1,20,MID
2061901321,0,8,5,6,19,BIG,ODD,WIN,BIG,0.59,0,EVEN,0.63,LOSS,1,18,MID
2061901322,8,5,7,8,28,BIG,EVEN,LOSS,SMALL,0.5,0,EVEN,0.63,WIN,1,18,MID
2061901323,7,1,8,1,17,SMALL,ODD,LOSS,BIG,0.53,0,ODD,0.535,WIN,0,19,MID
2061901324,3,5,8,2,18,BIG,EVEN,WIN,BIG,0.53,0,ODD,0.535,LOSS,0,20,MID
2061901325,8,3,7,5,23,BIG,ODD,WIN,BIG,0.53,0,ODD,0.535,WIN,0,20,MID
2061901326,8,2,1,8,19,BIG,ODD,WIN,BIG,0.56,0,ODD,0.57,WIN,0,20,MID
2061901327,5,6,7,4,22,BIG,EVEN,WIN,BIG,0.566,0,ODD,0.605,LOSS,1,20,MID
2061901328,2,9,2,8,21,BIG,ODD,WIN,BIG,0.566,0,ODD,0.57,WIN,0,20,MID
2061901329,9,5,2,2,18,BIG,EVEN,WIN,BIG,0.643,1,ODD,0.57,LOSS,0,20,MID
2061901330,3,4,9,1,17,SMALL,ODD,LOSS,BIG,0.643,1,ODD,0.535,WIN,0,20,MID
2061901331,7,3,3,9,22,BIG,EVEN,WIN,BIG,0.62,1,ODD,0.535,LOSS,0,20,MID
2061901332,2,4,2,8,16,SMALL,EVEN,LOSS,BIG,0.65,1,EVEN,0.5,WIN,0,20,MID
2061901333,8,7,7,1,23,BIG,ODD,WIN,BIG,0.62,1,EVEN,0.535,LOSS,0,19,MID
2061901334,8,2,6,4,20,BIG,EVEN,WIN,BIG,0.62,1,EVEN,0.535,WIN,0,20,MID
2061901335,3,0,8,6,17,SMALL,ODD,LOSS,BIG,0.65,1,EVEN,0.535,LOSS,0,20,MID
2061901336,2,3,9,7,21,BIG,ODD,WIN,BIG,0.65,1,EVEN,0.535,LOSS,0,20,MID
2061901337,0,8,0,5,13,SMALL,ODD,LOSS,BIG,0.65,1,EVEN,0.5,LOSS,0,20,MID
2061901338,4,5,6,3,18,BIG,EVEN,WIN,BIG,0.62,1,ODD,0.62,LOSS,1,18,MID
2061901339,1,3,8,1,13,SMALL,ODD,LOSS,BIG,0.62,1,ODD,0.58,WIN,1,18,MID
2061901340,1,9,4,5,19,BIG,ODD,WIN,BIG,0.59,0,ODD,0.57,WIN,0,17,MID
2061901341,2,3,2,1,8,SMALL,EVEN,LOSS,BIG,0.62,1,ODD,0.57,LOSS,0,17,MID
2061901342,3,0,7,4,14,SMALL,EVEN,LOSS,BIG,0.59,0,ODD,0.535,LOSS,0,15,MID
2061901343,1,8,2,7,18,BIG,EVEN,WIN,BIG,0.56,0,ODD,0.535,LOSS,0,15,MID
2061901344,3,9,7,2,21,BIG,ODD,WIN,BIG,0.59,0,EVEN,0.62,LOSS,1,15,MID
2061901345,8,9,6,6,29,BIG,ODD,WIN,BIG,0.59,0,EVEN,0.58,LOSS,1,16,MID
2061901346,6,0,8,6,20,BIG,EVEN,WIN,BIG,0.566,0,EVEN,0.58,WIN,1,19,MID
2061901347,7,8,5,5,25,BIG,ODD,WIN,BIG,0.566,0,EVEN,0.5,LOSS,0,19,MID
2061901348,3,0,8,0,11,SMALL,ODD,LOSS,BIG,0.643,1,ODD,0.535,WIN,0,21,MID
2061901349,9,4,8,0,21,BIG,ODD,WIN,BIG,0.59,0,ODD,0.535,WIN,0,19,MID
2061901350,9,6,5,6,26,BIG,EVEN,WIN,BIG,0.56,0,ODD,0.62,LOSS,1,19,MID
2061901351,6,6,6,4,22,BIG,EVEN,WIN,BIG,0.59,0,ODD,0.58,LOSS,1,20,MID
2061901352,7,2,2,4,15,SMALL,ODD,LOSS,BIG,0.566,0,ODD,0.58,WIN,1,21,MID
2061901353,3,7,2,3,15,SMALL,ODD,LOSS,BIG,0.56,0,ODD,0.57,WIN,0,20,MID
2061901354,8,9,7,6,30,BIG,EVEN,WIN,BIG,0.56,0,ODD,0.57,LOSS,0,20,MID
2061901355,9,1,6,3,19,BIG,ODD,WIN,BIG,0.56,0,ODD,0.57,WIN,0,21,MID
2061901356,8,7,3,7,25,BIG,ODD,WIN,BIG,0.59,0,ODD,0.57,WIN,0,21,MID
2061901357,2,3,5,0,10,SMALL,EVEN,LOSS,BIG,0.566,0,ODD,0.57,LOSS,0,22,MID
2061901358,3,4,2,1,10,SMALL,EVEN,LOSS,BIG,0.56,0,ODD,0.535,LOSS,0,19,MID
2061901359,8,2,5,5,20,BIG,EVEN,WIN,BIG,0.56,0,ODD,0.535,LOSS,0,18,MID
2061901360,6,4,6,5,21,BIG,ODD,WIN,BIG,0.59,0,EVEN,0.62,LOSS,1,17,MID
2061901361,0,9,4,0,13,SMALL,ODD,LOSS,BIG,0.59,0,EVEN,0.58,LOSS,1,18,MID
2061901362,7,7,5,2,21,BIG,ODD,WIN,BIG,0.59,0,EVEN,0.58,LOSS,1,17,MID
2061901363,8,1,1,4,14,SMALL,EVEN,LOSS,BIG,0.62,1,ODD,0.62,LOSS,1,18,MID
2061901364,0,3,0,0,3,SMALL,ODD,LOSS,BIG,0.59,0,ODD,0.58,WIN,1,18,MID
2061901365,9,7,2,9,27,BIG,ODD,WIN,BIG,0.56,0,ODD,0.57,WIN,0,15,MID
2061901366,2,0,5,9,16,SMALL,EVEN,LOSS,BIG,0.56,0,ODD,0.57,LOSS,0,16,MID
2061901367,5,0,0,5,10,SMALL,EVEN,LOSS,BIG,0.53,0,ODD,0.57,LOSS,0,16,MID
2061901368,8,3,7,1,19,BIG,ODD,LOSS,SMALL,0.5,0,ODD,0.535,WIN,0,15,MID
2061901369,1,9,9,8,27,BIG,ODD,WIN,BIG,0.53,0,ODD,0.535,WIN,0,16,MID
2061901370,6,0,9,7,22,BIG,EVEN,WIN,BIG,0.53,0,ODD,0.535,LOSS,0,18,MID
2061901371,8,5,0,8,21,BIG,ODD,WIN,BIG,0.566,0,ODD,0.535,WIN,0,19,MID
2061901372,3,2,3,1,9,SMALL,ODD,LOSS,BIG,0.566,0,ODD,0.57,WIN,0,20,MID
2061901373,0,9,9,1,19,BIG,ODD,WIN,BIG,0.59,0,ODD,0.57,WIN,0,18,MID
2061901374,7,5,5,3,20,BIG,EVEN,WIN,BIG,0.56,0,ODD,0.62,LOSS,1,18,MID
2061901375,9,7,0,7,23,BIG,ODD,WIN,BIG,0.56,0,ODD,0.58,WIN,1,18,MID
2061901376,9,1,9,9,28,BIG,EVEN,WIN,BIG,0.566,0,ODD,0.57,LOSS,0,19,MID
2061901377,5,5,9,0,19,BIG,ODD,WIN,BIG,0.566,0,ODD,0.535,WIN,0,21,MID
2061901378,1,4,4,9,18,BIG,EVEN,WIN,BIG,0.643,1,ODD,0.57,LOSS,0,22,MID
2061901379,8,6,1,8,23,BIG,ODD,WIN,BIG,0.643,1,ODD,0.57,WIN,0,21,MID
2061901380,1,7,8,9,25,BIG,ODD,WIN,BIG,0.643,1,ODD,0.605,WIN,1,21,MID
2061901381,8,2,3,3,16,SMALL,EVEN,LOSS,BIG,0.643,1,ODD,0.605,LOSS,1,21,MID
2061901382,1,4,5,3,13,SMALL,ODD,LOSS,BIG,0.62,1,ODD,0.57,WIN,0,20,MID
2061901383,0,3,4,6,13,SMALL,ODD,LOSS,BIG,0.62,1,ODD,0.57,WIN,0,20,MID
2061901384,9,2,5,8,24,BIG,EVEN,LOSS,SMALL,0.566,0,ODD,0.605,LOSS,1,18,MID
2061901385,1,4,1,9,15,SMALL,ODD,WIN,SMALL,0.56,0,ODD,0.57,WIN,0,19,MID
2061901386,5,9,2,1,17,SMALL,ODD,LOSS,BIG,0.59,0,ODD,0.57,WIN,0,18,MID
2061901387,4,8,5,7,24,BIG,EVEN,WIN,BIG,0.59,0,ODD,0.605,LOSS,1,18,MID
2061901388,8,1,8,0,17,SMALL,ODD,LOSS,BIG,0.62,1,ODD,0.605,WIN,1,19,MID
2061901389,3,5,6,8,22,BIG,EVEN,WIN,BIG,0.59,0,ODD,0.605,LOSS,1,19,MID
2061901390,8,8,8,1,25,BIG,ODD,WIN,BIG,0.59,0,ODD,0.57,WIN,0,19,MID
2061901391,9,6,2,2,19,BIG,ODD,WIN,BIG,0.59,0,ODD,0.605,WIN,1,20,MID
2061901392,3,7,0,8,18,BIG,EVEN,WIN,BIG,0.566,0,ODD,0.62,LOSS,1,20,MID
2061901393,7,7,1,0,15,SMALL,ODD,LOSS,BIG,0.566,0,ODD,0.58,WIN,1,20,MID
2061901394,8,6,4,0,18,BIG,EVEN,WIN,BIG,0.59,0,ODD,0.58,LOSS,1,19,MID
2061901395,4,7,2,1,14,SMALL,EVEN,LOSS,BIG,0.59,0,ODD,0.58,LOSS,1,19,MID
2061901396,8,2,1,0,11,SMALL,ODD,LOSS,BIG,0.56,0,ODD,0.54,WIN,0,18,MID
2061901397,5,0,3,9,17,SMALL,ODD,LOSS,BIG,0.53,0,ODD,0.58,WIN,1,17,MID
2061901398,4,5,0,6,15,SMALL,ODD,WIN,SMALL,0.566,0,ODD,0.58,WIN,1,16,MID
2061901399,9,7,7,1,24,BIG,EVEN,LOSS,SMALL,0.566,0,ODD,0.62,LOSS,1,16,MID
2061901400,7,0,6,8,21,BIG,ODD,LOSS,SMALL,0.59,0,ODD,0.58,WIN,1,17,MID
2061901401,4,1,4,2,11,SMALL,ODD,WIN,SMALL,0.59,0,ODD,0.57,WIN,0,18,MID
2061901402,6,8,9,8,31,BIG,ODD,LOSS,SMALL,0.53,0,ODD,0.605,WIN,1,17,MID
2061901403,4,6,3,1,14,SMALL,EVEN,WIN,SMALL,0.5,0,ODD,0.62,LOSS,1,19,MID
2061901404,1,0,7,3,11,SMALL,ODD,WIN,SMALL,0.5,0,ODD,0.58,WIN,1,19,MID
2061901405,3,8,7,4,22,BIG,EVEN,LOSS,SMALL,0.53,0,ODD,0.605,LOSS,1,17,MID
2061901406,1,2,6,8,17,SMALL,ODD,WIN,SMALL,0.5,0,ODD,0.57,WIN,0,17,MID
2061901407,3,1,7,7,18,BIG,EVEN,LOSS,SMALL,0.5,0,ODD,0.57,LOSS,0,18,MID
2061901408,7,4,2,6,19,BIG,ODD,LOSS,SMALL,0.5,0,ODD,0.57,WIN,0,18,MID
2061901409,2,8,6,8,24,BIG,EVEN,WIN,BIG,0.53,0,ODD,0.57,LOSS,0,18,MID
2061901410,1,2,4,3,10,SMALL,EVEN,LOSS,BIG,0.566,0,ODD,0.57,LOSS,0,19,MID
2061901411,5,1,1,9,16,SMALL,EVEN,LOSS,BIG,0.56,0,ODD,0.535,LOSS,0,18,MID
2061901412,4,5,2,6,17,SMALL,ODD,LOSS,BIG,0.56,0,EVEN,0.62,LOSS,1,18,MID
2061901413,1,7,8,6,22,BIG,EVEN,LOSS,SMALL,0.566,0,EVEN,0.58,WIN,1,16,MID
2061901414,3,5,8,8,24,BIG,EVEN,LOSS,SMALL,0.56,0,EVEN,0.5,WIN,0,18,MID
2061901415,5,7,0,2,14,SMALL,EVEN,WIN,SMALL,0.56,0,EVEN,0.5,WIN,0,19,MID
2061901416,3,2,9,7,21,BIG,ODD,LOSS,SMALL,0.53,0,EVEN,0.62,LOSS,1,19,MID
2061901417,7,2,8,6,23,BIG,ODD,LOSS,SMALL,0.5,0,EVEN,0.58,LOSS,1,19,MID
2061901418,9,4,4,3,20,BIG,EVEN,WIN,BIG,0.53,0,EVEN,0.58,WIN,1,20,MID
2061901419,7,4,7,3,21,BIG,ODD,WIN,BIG,0.566,0,EVEN,0.535,LOSS,0,20,MID
2061901420,6,6,2,3,17,SMALL,ODD,LOSS,BIG,0.566,0,EVEN,0.5,LOSS,0,20,MID
2061901421,2,8,6,3,19,BIG,ODD,WIN,BIG,0.59,0,EVEN,0.5,LOSS,0,20,MID
2061901422,9,8,3,1,21,BIG,ODD,WIN,BIG,0.56,0,ODD,0.62,WIN,1,20,MID
2061901423,1,5,5,2,13,SMALL,ODD,LOSS,BIG,0.56,0,ODD,0.62,WIN,1,20,MID
2061901424,1,6,1,5,13,SMALL,ODD,LOSS,BIG,0.56,0,ODD,0.7,WIN,1,19,MID
2061901425,4,6,5,5,20,BIG,EVEN,WIN,BIG,0.56,0,ODD,0.7,LOSS,1,17,MID
2061901426,0,6,1,1,8,SMALL,EVEN,LOSS,BIG,0.56,0,ODD,0.68,LOSS,1,18,MID
2061901427,7,0,7,4,18,BIG,EVEN,WIN,BIG,0.56,0,ODD,0.68,LOSS,1,16,MID
2061901428,7,1,5,6,19,BIG,ODD,WIN,BIG,0.56,0,EVEN,0.62,LOSS,1,16,MID
2061901429,5,4,7,8,24,BIG,EVEN,WIN,BIG,0.56,0,EVEN,0.58,WIN,1,16,MID
2061901430,4,8,8,6,26,BIG,EVEN,WIN,BIG,0.566,0,EVEN,0.5,WIN,0,18,MID
2061901431,9,4,7,7,27,BIG,ODD,WIN,BIG,0.566,0,EVEN,0.5,LOSS,0,19,MID
2061901432,0,2,1,5,8,SMALL,EVEN,LOSS,BIG,0.643,1,ODD,0.535,LOSS,0,21,MID
2061901433,5,9,4,6,24,BIG,EVEN,Not Predicted,,0.0,0,,0.0,Not Predicted,0,0,
2061901434,0,2,8,5,15,SMALL,ODD,Not Predicted,,0.0,0,,0.0,Not Predicted,0,0,
2061901435,3,1,1,8,13,SMALL,ODD,Not Predicted,,0.0,0,,0.0,Not Predicted,0,0,
2061901436,6,7,3,5,21,BIG,ODD,Not Predicted,,0.0,0,,0.0,Not Predicted,0,0,
2061901437,4,9,1,1,15,SMALL,ODD,LOSS,BIG,0.59,0,ODD,0.62,WIN,1,18,MID
2061901438,0,8,3,7,18,BIG,EVEN,WIN,BIG,0.56,0,ODD,0.62,LOSS,1,18,MID
2061901439,8,2,9,8,27,BIG,ODD,WIN,BIG,0.56,0,ODD,0.63,WIN,1,18,MID
2061901440,4,8,2,9,23,BIG,ODD,WIN,BIG,0.56,0,ODD,0.57,WIN,0,19,MID
2062000001,2,2,6,3,13,SMALL,ODD,Not Predicted,,0.0,0,,0.0,Not Predicted,0,0,
2062000002,8,4,5,6,23,BIG,ODD,WIN,BIG,0.56,0,ODD,0.62,WIN,1,19,MID
2062000003,0,8,9,6,23,BIG,ODD,WIN,BIG,0.56,0,ODD,0.62,WIN,1,20,MID
2062000004,3,8,9,1,21,BIG,ODD,WIN,BIG,0.59,0,ODD,0.7,WIN,1,20,MID
2062000005,2,9,2,3,16,SMALL,EVEN,LOSS,BIG,0.566,0,ODD,0.7,LOSS,1,20,MID
2062000006,5,8,9,1,23,BIG,ODD,WIN,BIG,0.56,0,ODD,0.68,WIN,1,20,MID
2062000007,6,8,4,1,19,BIG,ODD,WIN,BIG,0.62,1,ODD,0.605,WIN,1,20,MID
2062000008,8,6,8,5,27,BIG,ODD,WIN,BIG,0.62,1,ODD,0.64,WIN,1,20,MID
2062000009,0,5,6,2,13,SMALL,ODD,LOSS,BIG,0.566,0,ODD,0.62,WIN,1,22,MID
2062000010,3,8,6,6,23,BIG,ODD,WIN,BIG,0.56,0,ODD,0.62,WIN,1,20,MID
2062000011,3,6,8,4,21,BIG,ODD,Not Predicted,,0.0,0,,0.0,Not Predicted,0,0,
2062000012,3,3,1,8,15,SMALL,ODD,LOSS,BIG,0.59,0,ODD,0.7,WIN,1,20,MID
2062000013,4,8,9,4,25,BIG,ODD,WIN,BIG,0.59,0,ODD,0.7,WIN,1,20,MID
2062000014,9,1,1,0,11,SMALL,ODD,LOSS,BIG,0.59,0,ODD,0.7,WIN,1,20,MID
2062000015,4,0,7,2,13,SMALL,ODD,LOSS,BIG,0.59,0,ODD,0.7,WIN,1,19,MID
2062000016,7,2,7,7,23,BIG,ODD,WIN,BIG,0.59,0,ODD,0.7,WIN,1,18,MID
2062000017,9,7,5,7,28,BIG,EVEN,WIN,BIG,0.59,0,ODD,0.7,LOSS,1,18,MID
2062000018,9,0,7,0,16,SMALL,EVEN,LOSS,BIG,0.62,1,ODD,0.68,LOSS,1,20,MID
2062000019,8,1,9,9,27,BIG,ODD,WIN,BIG,0.59,0,ODD,0.68,WIN,1,19,MID
2062000020,8,5,9,6,28,BIG,EVEN,WIN,BIG,0.59,0,ODD,0.745,LOSS,1,21,MID
2062000021,0,1,9,4,14,SMALL,EVEN,LOSS,BIG,0.59,0,ODD,0.71,LOSS,1,22,MID
2062000022,5,5,6,7,23,BIG,ODD,WIN,BIG,0.59,0,ODD,0.675,WIN,1,21,MID
2062000023,3,7,3,8,21,BIG,ODD,WIN,BIG,0.59,0,ODD,0.675,WIN,1,21,MID
2062000024,0,8,5,9,22,BIG,EVEN,WIN,BIG,0.59,0,ODD,0.675,LOSS,1,21,MID
2062000025,6,4,3,4,17,SMALL,ODD,LOSS,BIG,0.566,0,ODD,0.64,WIN,1,22,MID
2062000026,1,4,0,5,10,SMALL,EVEN,LOSS,BIG,0.56,0,ODD,0.675,LOSS,1,21,MID
2062000027,6,0,9,1,16,SMALL,EVEN,LOSS,BIG,0.56,0,ODD,0.64,LOSS,1,19,MID
2062000028,4,6,6,9,25,BIG,ODD,LOSS,SMALL,0.566,0,ODD,0.605,WIN,1,18,MID
2062000029,3,1,9,8,21,BIG,ODD,LOSS,SMALL,0.56,0,ODD,0.605,WIN,1,19,MID
2062000030,1,6,0,2,9,SMALL,ODD,WIN,SMALL,0.56,0,ODD,0.605,WIN,1,19,MID
2062000031,1,9,3,7,20,BIG,EVEN,WIN,BIG,0.53,0,ODD,0.62,LOSS,1,17,MID
2062000032,3,7,0,4,14,SMALL,EVEN,LOSS,BIG,0.53,0,ODD,0.58,LOSS,1,18,MID
2062000033,9,4,0,1,14,SMALL,EVEN,LOSS,BIG,0.53,0,ODD,0.58,LOSS,1,17,MID
2062000034,8,3,3,1,15,SMALL,ODD,WIN,SMALL,0.5,0,EVEN,0.62,LOSS,1,16,MID
2062000035,3,7,1,5,16,SMALL,EVEN,WIN,SMALL,0.566,0,EVEN,0.58,WIN,1,15,MID
2062000036,8,8,1,9,26,BIG,EVEN,LOSS,SMALL,0.566,0,EVEN,0.535,WIN,0,16,MID
2062000037,7,1,3,7,18,BIG,EVEN,LOSS,SMALL,0.59,0,EVEN,0.57,WIN,0,18,MID
2062000038,8,5,6,3,22,BIG,EVEN,LOSS,SMALL,0.59,0,EVEN,0.62,WIN,1,18,MID
2062000039,7,7,7,3,24,BIG,EVEN,WIN,BIG,0.566,0,EVEN,0.62,WIN,1,19,MID
2062000040,7,8,9,6,30,BIG,EVEN,WIN,BIG,0.566,0,EVEN,0.7,WIN,1,20,MID
2062000041,7,8,8,8,31,BIG,ODD,WIN,BIG,0.643,1,EVEN,0.7,LOSS,1,22,MID
2062000042,2,4,7,5,18,BIG,EVEN,WIN,BIG,0.643,1,EVEN,0.68,WIN,1,24,HIGH
2062000043,3,3,4,7,17,SMALL,ODD,LOSS,BIG,0.643,1,EVEN,0.605,LOSS,1,23,HIGH
2062000044,9,7,0,2,18,BIG,EVEN,WIN,BIG,0.62,1,EVEN,0.605,WIN,1,22,MID
2062000045,5,0,1,0,6,SMALL,EVEN,LOSS,BIG,0.53,0,EVEN,0.605,WIN,1,21,MID
2062000046,1,5,6,2,14,SMALL,EVEN,LOSS,BIG,0.53,0,EVEN,0.64,WIN,1,19,MID
2062000047,1,3,4,6,14,SMALL,EVEN,LOSS,BIG,0.53,0,EVEN,0.62,WIN,1,17,MID
2062000048,2,6,5,4,17,SMALL,ODD,WIN,SMALL,0.566,0,EVEN,0.62,LOSS,1,16,MID
2062000049,9,7,5,2,23,BIG,ODD,LOSS,SMALL,0.566,0,EVEN,0.63,LOSS,1,17,MID
2062000050,8,6,1,2,17,SMALL,ODD,WIN,SMALL,0.59,0,EVEN,0.63,LOSS,1,17,MID
2062000051,9,8,9,5,31,BIG,ODD,LOSS,SMALL,0.5,0,ODD,0.62,WIN,1,18,MID
2062000052,5,8,9,2,24,BIG,EVEN,LOSS,SMALL,0.5,0,ODD,0.62,LOSS,1,20,MID
2062000053,0,9,7,1,17,SMALL,ODD,LOSS,BIG,0.53,0,ODD,0.63,WIN,1,21,MID
2062000054,0,6,3,1,10,SMALL,EVEN,LOSS,BIG,0.53,0,EVEN,0.57,WIN,0,21,MID
2062000055,1,4,6,7,18,BIG,EVEN,WIN,BIG,0.53,0,EVEN,0.605,WIN,1,18,MID
2062000056,0,8,6,5,19,BIG,ODD,WIN,BIG,0.56,0,EVEN,0.605,LOSS,1,18,MID
2062000057,0,0,9,2,11,SMALL,ODD,LOSS,BIG,0.56,0,EVEN,0.57,LOSS,0,18,MID
2062000058,9,5,5,6,25,BIG,ODD,WIN,BIG,0.53,0,EVEN,0.535,LOSS,0,17,MID
2062000059,9,2,0,7,18,BIG,EVEN,WIN,BIG,0.53,0,ODD,0.62,LOSS,1,18,MID
2062000060,6,8,3,9,26,BIG,EVEN,WIN,BIG,0.53,0,ODD,0.58,LOSS,1,19,MID
2062000061,7,1,9,1,18,BIG,EVEN,WIN,BIG,0.566,0,ODD,0.58,LOSS,1,20,MID
2062000062,4,9,5,7,25,BIG,ODD,WIN,BIG,0.566,0,EVEN,0.62,LOSS,1,19,MID
2062000063,0,1,8,0,9,SMALL,ODD,LOSS,BIG,0.643,1,EVEN,0.58,LOSS,1,21,MID
2062000064,5,7,2,5,19,BIG,ODD,WIN,BIG,0.59,0,EVEN,0.58,LOSS,1,18,MID
2062000065,2,4,1,9,16,SMALL,EVEN,LOSS,BIG,0.53,0,ODD,0.62,LOSS,1,19,MID
2062000066,4,9,9,2,24,BIG,EVEN,WIN,BIG,0.53,0,ODD,0.58,LOSS,1,17,MID
2062000067,9,9,6,9,33,BIG,ODD,WIN,BIG,0.56,0,ODD,0.58,WIN,1,19,MID
2062000068,2,9,7,3,21,BIG,ODD,WIN,BIG,0.59,0,ODD,0.57,WIN,0,22,MID
2062000069,1,2,9,1,13,SMALL,ODD,LOSS,BIG,0.566,0,ODD,0.57,WIN,0,22,MID
2062000070,6,5,0,3,14,SMALL,EVEN,LOSS,BIG,0.56,0,ODD,0.62,LOSS,1,21,MID
2062000071,7,7,8,5,27,BIG,ODD,WIN,BIG,0.56,0,ODD,0.58,WIN,1,19,MID
2062000072,3,5,0,6,14,SMALL,EVEN,LOSS,BIG,0.59,0,ODD,0.535,LOSS,0,20,MID
2062000073,7,2,2,5,16,SMALL,EVEN,LOSS,BIG,0.56,0,ODD,0.535,LOSS,0,19,MID
2062000074,8,3,9,4,24,BIG,EVEN,WIN,BIG,0.56,0,EVEN,0.5,WIN,0,19,MID
2062000075,8,9,6,6,29,BIG,ODD,WIN,BIG,0.59,0,EVEN,0.62,LOSS,1,19,MID
2062000076,6,2,3,2,13,SMALL,ODD,LOSS,BIG,0.59,0,EVEN,0.58,LOSS,1,22,MID
2062000077,9,0,6,8,23,BIG,ODD,WIN,BIG,0.56,0,EVEN,0.58,LOSS,1,20,MID
2062000078,1,2,0,6,9,SMALL,ODD,LOSS,BIG,0.59,0,ODD,0.62,WIN,1,20,MID
2062000079,1,5,1,4,11,SMALL,ODD,LOSS,BIG,0.56,0,ODD,0.62,WIN,1,18,MID
2062000080,6,5,6,9,26,BIG,EVEN,WIN,BIG,0.53,0,ODD,0.7,LOSS,1,17,MID
2062000081,0,0,4,2,6,SMALL,EVEN,LOSS,BIG,0.53,0,ODD,0.63,LOSS,1,18,MID
2062000082,0,5,4,3,12,SMALL,EVEN,WIN,SMALL,0.5,0,ODD,0.63,LOSS,1,16,MID
2062000083,9,9,2,8,28,BIG,EVEN,LOSS,SMALL,0.53,0,EVEN,0.62,WIN,1,15,MID
2062000084,1,6,7,2,16,SMALL,EVEN,WIN,SMALL,0.5,0,EVEN,0.62,WIN,1,17,MID
2062000085,6,9,6,3,24,BIG,EVEN,LOSS,SMALL,0.53,0,EVEN,0.7,WIN,1,18,MID
2062000086,0,7,7,4,18,BIG,EVEN,LOSS,SMALL,0.5,0,EVEN,0.7,WIN,1,18,MID
2062000087,9,8,7,0,24,BIG,EVEN,LOSS,SMALL,0.5,0,EVEN,0.7,WIN,1,18,MID
2062000088,5,7,5,1,18,BIG,EVEN,WIN,BIG,0.566,0,EVEN,0.7,WIN,1,20,MID
2062000089,4,0,0,4,8,SMALL,EVEN,LOSS,BIG,0.566,0,EVEN,0.7,WIN,1,19,MID
2062000090,4,8,0,0,12,SMALL,EVEN,LOSS,BIG,0.59,0,EVEN,0.7,WIN,1,18,MID
2062000091,2,0,3,2,7,SMALL,ODD,LOSS,BIG,0.59,0,EVEN,0.7,LOSS,1,16,MID
2062000092,6,8,0,5,19,BIG,ODD,LOSS,SMALL,0.566,0,EVEN,0.68,LOSS,1,14,MID
2062000093,6,8,9,5,28,BIG,EVEN,LOSS,SMALL,0.56,0,EVEN,0.68,WIN,1,15,MID
2062000094,3,0,8,6,17,SMALL,ODD,WIN,SMALL,0.56,0,EVEN,0.605,LOSS,1,17,MID
2062000095,7,5,3,2,17,SMALL,ODD,WIN,SMALL,0.5,0,EVEN,0.57,LOSS,0,18,MID
2062000096,3,1,3,8,15,SMALL,ODD,WIN,SMALL,0.53,0,EVEN,0.57,LOSS,0,18,MID
2062000097,8,0,1,7,16,SMALL,EVEN,WIN,SMALL,0.566,0,ODD,0.62,LOSS,1,17,MID
2062000098,8,5,2,9,24,BIG,EVEN,LOSS,SMALL,0.566,0,ODD,0.58,LOSS,1,17,MID
2062000099,0,9,6,7,22,BIG,EVEN,LOSS,SMALL,0.59,0,ODD,0.58,LOSS,1,17,MID
2062000100,9,9,4,3,25,BIG,ODD,LOSS,SMALL,0.59,0,EVEN,0.62,LOSS,1,19,MID
2062000101,3,8,8,0,19,BIG,ODD,WIN,BIG,0.566,0,EVEN,0.58,LOSS,1,20,MID
2062000102,1,3,9,9,22,BIG,EVEN,WIN,BIG,0.566,0,EVEN,0.58,WIN,1,21,MID
2062000103,5,0,8,9,22,BIG,EVEN,WIN,BIG,0.643,1,EVEN,0.605,WIN,1,21,MID
2062000104,0,0,2,5,7,SMALL,ODD,LOSS,BIG,0.643,1,EVEN,0.605,LOSS,1,21,MID
2062000105,1,1,5,2,9,SMALL,ODD,LOSS,BIG,0.62,1,EVEN,0.57,LOSS,0,19,MID
2062000106,6,2,8,8,24,BIG,EVEN,WIN,BIG,0.62,1,EVEN,0.535,WIN,0,16,MID
2062000107,3,9,5,3,20,BIG,EVEN,WIN,BIG,0.53,0,EVEN,0.535,WIN,0,17,MID
2062000108,2,4,4,0,10,SMALL,EVEN,LOSS,BIG,0.53,0,EVEN,0.535,WIN,0,18,MID
2062000109,7,9,6,4,26,BIG,EVEN,LOSS,SMALL,0.5,0,EVEN,0.62,WIN,1,17,MID
2062000110,8,1,8,5,22,BIG,EVEN,WIN,BIG,0.53,0,EVEN,0.62,WIN,1,18,MID
2062000111,5,4,7,5,21,BIG,ODD,WIN,BIG,0.56,0,EVEN,0.7,LOSS,1,19,MID
2062000112,5,9,3,5,22,BIG,EVEN,WIN,BIG,0.566,0,EVEN,0.63,WIN,1,20,MID
2062000113,9,1,0,1,11,SMALL,ODD,LOSS,BIG,0.566,0,EVEN,0.57,LOSS,0,20,MID
2062000114,3,5,9,2,19,BIG,ODD,WIN,BIG,0.59,0,EVEN,0.535,LOSS,0,18,MID
2062000115,3,0,9,4,16,SMALL,EVEN,LOSS,BIG,0.59,0,EVEN,0.535,WIN,0,18,MID
2062000116,1,6,7,3,17,SMALL,ODD,LOSS,BIG,0.59,0,EVEN,0.57,LOSS,0,18,MID
2062000117,4,4,0,2,10,SMALL,EVEN,LOSS,BIG,0.59,0,EVEN,0.57,WIN,0,18,MID
2062000118,1,3,4,1,9,SMALL,ODD,WIN,SMALL,0.566,0,EVEN,0.57,LOSS,0,16,MID
2062000119,9,7,3,2,21,BIG,ODD,LOSS,SMALL,0.566,0,EVEN,0.535,LOSS,0,15,MID
2062000120,3,2,1,6,12,SMALL,EVEN,WIN,SMALL,0.59,0,EVEN,0.5,WIN,0,15,MID
2062000121,3,4,1,7,15,SMALL,ODD,LOSS,BIG,0.53,0,EVEN,0.535,LOSS,0,15,MID
2062000122,0,4,7,6,17,SMALL,ODD,WIN,SMALL,0.5,0,EVEN,0.535,LOSS,0,15,MID
2062000123,5,0,7,9,21,BIG,ODD,LOSS,SMALL,0.566,0,EVEN,0.5,LOSS,0,15,MID
2062000124,9,9,3,6,27,BIG,ODD,LOSS,SMALL,0.56,0,ODD,0.62,WIN,1,17,MID
2062000125,6,6,8,9,29,BIG,ODD,LOSS,SMALL,0.56,0,ODD,0.62,WIN,1,18,MID
2062000126,2,6,4,5,17,SMALL,ODD,LOSS,BIG,0.566,0,ODD,0.7,WIN,1,21,MID
2062000127,6,1,7,9,23,BIG,ODD,WIN,BIG,0.56,0,ODD,0.7,WIN,1,20,MID
2062000128,5,8,0,7,20,BIG,EVEN,LOSS,SMALL,0.5,0,ODD,0.7,LOSS,1,21,MID
2062000129,9,2,0,6,17,SMALL,ODD,LOSS,BIG,0.53,0,ODD,0.68,WIN,1,21,MID
2062000130,7,1,1,2,11,SMALL,ODD,WIN,SMALL,0.5,0,ODD,0.64,WIN,1,20,MID
2062000131,6,8,5,9,28,BIG,EVEN,LOSS,SMALL,0.53,0,ODD,0.675,LOSS,1,18,MID
2062000132,3,4,9,1,17,SMALL,ODD,WIN,SMALL,0.53,0,ODD,0.64,WIN,1,20,MID
2062000133,7,2,6,1,16,SMALL,EVEN,WIN,SMALL,0.56,0,ODD,0.675,LOSS,1,20,MID
2062000134,8,8,9,9,34,BIG,EVEN,LOSS,SMALL,0.56,0,ODD,0.64,LOSS,1,20,MID
2062000135,7,9,8,2,26,BIG,EVEN,LOSS,SMALL,0.56,0,ODD,0.605,LOSS,1,21,MID
2062000136,7,5,1,2,15,SMALL,ODD,WIN,SMALL,0.53,0,EVEN,0.62,LOSS,1,23,HIGH
2062000137,7,7,0,6,20,BIG,EVEN,LOSS,SMALL,0.53,0,EVEN,0.58,WIN,1,22,MID
2062000138,0,8,9,5,22,BIG,EVEN,LOSS,SMALL,0.5,0,ODD,0.605,LOSS,1,21,MID
2062000139,8,2,9,5,24,BIG,EVEN,WIN,BIG,0.53,0,ODD,0.57,LOSS,0,21,MID
2062000140,6,2,9,9,26,BIG,EVEN,WIN,BIG,0.566,0,EVEN,0.62,WIN,1,21,MID
2062000141,4,6,3,1,14,SMALL,EVEN,LOSS,BIG,0.566,0,EVEN,0.62,WIN,1,23,HIGH
2062000142,1,5,1,5,12,SMALL,EVEN,LOSS,BIG,0.59,0,EVEN,0.7,WIN,1,21,MID
2062000143,4,9,2,9,24,BIG,EVEN,WIN,BIG,0.59,0,EVEN,0.7,WIN,1,20,MID
2062000144,2,0,2,8,12,SMALL,EVEN,LOSS,BIG,0.56,0,EVEN,0.7,WIN,1,20,MID
2062000145,2,4,3,6,15,SMALL,ODD,LOSS,BIG,0.53,0,EVEN,0.7,LOSS,1,18,MID
2062000146,2,7,7,2,18,BIG,EVEN,LOSS,SMALL,0.5,0,EVEN,0.68,WIN,1,17,MID
2062000147,4,8,5,0,17,SMALL,ODD,LOSS,BIG,0.53,0,EVEN,0.64,LOSS,1,17,MID
2062000148,3,7,3,9,22,BIG,EVEN,LOSS,SMALL,0.5,0,EVEN,0.64,WIN,1,18,MID
2062000149,6,2,0,9,17,SMALL,ODD,WIN,SMALL,0.5,0,EVEN,0.64,LOSS,1,18,MID
2062000150,4,8,4,0,16,SMALL,EVEN,WIN,SMALL,0.5,0,EVEN,0.64,WIN,1,18,MID
2062000151,5,8,0,1,14,SMALL,EVEN,WIN,SMALL,0.5,0,EVEN,0.675,WIN,1,17,MID
2062000152,9,6,3,5,23,BIG,ODD,LOSS,SMALL,0.566,0,EVEN,0.675,LOSS,1,17,MID
2062000153,8,7,6,7,28,BIG,EVEN,LOSS,SMALL,0.56,0,EVEN,0.675,WIN,1,18,MID
2062000154,9,2,7,6,24,BIG,EVEN,LOSS,SMALL,0.56,0,EVEN,0.675,WIN,1,19,MID
2062000155,5,4,1,1,11,SMALL,ODD,LOSS,BIG,0.566,0,EVEN,0.675,LOSS,1,21,MID
2062000156,8,2,5,5,20,BIG,EVEN,WIN,BIG,0.56,0,EVEN,0.64,WIN,1,20,MID
2062000157,1,6,1,7,15,SMALL,ODD,LOSS,BIG,0.53,0,EVEN,0.675,LOSS,1,20,MID
2062000158,5,1,6,5,17,SMALL,ODD,WIN,SMALL,0.5,0,EVEN,0.64,LOSS,1,18,MID
